rep_key,month_key,team_key,tenure_months,is_ramp_month
9,202401,1,55,0
10,202401,1,20,0
11,202401,1,30,0
12,202401,1,6,0
13,202401,1,36,0
14,202401,1,66,0
15,202401,1,6,0
16,202401,1,19,0
17,202401,1,29,0
18,202401,2,33,0
19,202401,2,16,0
20,202401,2,61,0
21,202401,2,14,0
22,202401,2,69,0
23,202401,2,59,0
24,202401,2,15,0
25,202401,2,32,0
26,202401,2,17,0
27,202401,2,42,0
28,202401,2,31,0
29,202401,3,62,0
30,202401,3,48,0
31,202401,3,8,0
32,202401,3,67,0
33,202401,3,27,0
34,202401,3,45,0
35,202401,3,72,0
36,202401,4,34,0
37,202401,4,19,0
38,202401,4,56,0
39,202401,4,67,0
40,202401,4,23,0
41,202401,4,63,0
42,202401,4,66,0
43,202401,4,15,0
44,202401,4,7,0
45,202401,4,6,0
46,202401,5,53,0
47,202401,5,54,0
48,202401,5,28,0
49,202401,5,11,0
50,202401,5,55,0
51,202401,5,8,0
52,202401,5,70,0
53,202401,5,11,0
54,202401,5,8,0
55,202401,5,12,0
56,202401,6,20,0
57,202401,6,31,0
58,202401,6,69,0
59,202401,6,48,0
60,202401,6,43,0
61,202401,6,71,0
62,202401,6,11,0
63,202401,6,44,0
64,202401,6,62,0
65,202401,7,39,0
66,202401,7,58,0
67,202401,7,72,0
68,202401,7,22,0
69,202401,7,32,0
70,202401,7,33,0
71,202401,7,12,0
72,202401,7,63,0
73,202401,8,24,0
74,202401,8,35,0
75,202401,8,38,0
76,202401,8,38,0
77,202401,8,51,0
9,202402,1,56,0
10,202402,1,21,0
11,202402,1,31,0
12,202402,1,7,0
13,202402,1,37,0
14,202402,1,67,0
15,202402,1,7,0
16,202402,1,20,0
17,202402,1,30,0
18,202402,2,34,0
19,202402,2,17,0
20,202402,2,62,0
21,202402,2,15,0
22,202402,2,70,0
23,202402,2,60,0
24,202402,2,16,0
25,202402,2,33,0
26,202402,2,18,0
27,202402,2,43,0
28,202402,2,32,0
29,202402,3,63,0
30,202402,3,49,0
31,202402,3,9,0
32,202402,3,68,0
33,202402,3,28,0
34,202402,3,46,0
35,202402,3,73,0
36,202402,4,35,0
37,202402,4,20,0
38,202402,4,57,0
39,202402,4,68,0
40,202402,4,24,0
41,202402,4,64,0
42,202402,4,67,0
43,202402,4,16,0
44,202402,4,8,0
45,202402,4,7,0
46,202402,5,54,0
47,202402,5,55,0
48,202402,5,29,0
49,202402,5,12,0
50,202402,5,56,0
51,202402,5,9,0
52,202402,5,71,0
53,202402,5,12,0
54,202402,5,9,0
55,202402,5,13,0
56,202402,6,21,0
57,202402,6,32,0
58,202402,6,70,0
59,202402,6,49,0
60,202402,6,44,0
61,202402,6,72,0
62,202402,6,12,0
63,202402,6,45,0
64,202402,6,63,0
65,202402,7,40,0
66,202402,7,59,0
67,202402,7,73,0
68,202402,7,23,0
69,202402,7,33,0
70,202402,7,34,0
71,202402,7,13,0
72,202402,7,64,0
73,202402,8,25,0
74,202402,8,36,0
75,202402,8,39,0
76,202402,8,39,0
77,202402,8,52,0
9,202403,1,57,0
10,202403,1,22,0
11,202403,1,32,0
12,202403,1,8,0
13,202403,1,38,0
14,202403,1,68,0
15,202403,1,8,0
16,202403,1,21,0
17,202403,1,31,0
18,202403,2,35,0
19,202403,2,18,0
20,202403,2,63,0
21,202403,2,16,0
22,202403,2,71,0
23,202403,2,61,0
24,202403,2,17,0
25,202403,2,34,0
26,202403,2,19,0
27,202403,2,44,0
28,202403,2,33,0
29,202403,3,64,0
30,202403,3,50,0
31,202403,3,10,0
32,202403,3,69,0
33,202403,3,29,0
34,202403,3,47,0
35,202403,3,74,0
36,202403,4,36,0
37,202403,4,21,0
39,202403,4,69,0
40,202403,4,25,0
41,202403,4,65,0
42,202403,4,68,0
43,202403,4,17,0
44,202403,4,9,0
45,202403,4,8,0
46,202403,5,55,0
47,202403,5,56,0
48,202403,5,30,0
49,202403,5,13,0
50,202403,5,57,0
51,202403,5,10,0
52,202403,5,72,0
53,202403,5,13,0
54,202403,5,10,0
55,202403,5,14,0
56,202403,6,22,0
57,202403,6,33,0
58,202403,6,71,0
59,202403,6,50,0
61,202403,6,73,0
62,202403,6,13,0
63,202403,6,46,0
64,202403,6,64,0
65,202403,7,41,0
66,202403,7,60,0
67,202403,7,74,0
68,202403,7,24,0
69,202403,7,34,0
70,202403,7,35,0
71,202403,7,14,0
73,202403,8,26,0
74,202403,8,37,0
75,202403,8,40,0
76,202403,8,40,0
77,202403,8,53,0
9,202404,1,58,0
10,202404,1,23,0
11,202404,1,33,0
12,202404,1,9,0
13,202404,1,39,0
14,202404,1,69,0
15,202404,1,9,0
16,202404,1,22,0
17,202404,1,32,0
18,202404,2,36,0
19,202404,2,19,0
20,202404,2,64,0
21,202404,2,17,0
22,202404,2,72,0
23,202404,2,62,0
24,202404,2,18,0
25,202404,2,35,0
26,202404,2,20,0
27,202404,2,45,0
28,202404,2,34,0
29,202404,3,65,0
30,202404,3,51,0
31,202404,3,11,0
32,202404,3,70,0
33,202404,3,30,0
34,202404,3,48,0
35,202404,3,75,0
36,202404,4,37,0
37,202404,4,22,0
39,202404,4,70,0
40,202404,4,26,0
41,202404,4,66,0
42,202404,4,69,0
43,202404,4,18,0
44,202404,4,10,0
45,202404,4,9,0
46,202404,5,56,0
47,202404,5,57,0
48,202404,5,31,0
49,202404,5,14,0
50,202404,5,58,0
51,202404,5,11,0
52,202404,5,73,0
53,202404,5,14,0
54,202404,5,11,0
55,202404,5,15,0
56,202404,6,23,0
57,202404,6,34,0
58,202404,6,72,0
59,202404,6,51,0
61,202404,6,74,0
62,202404,6,14,0
63,202404,6,47,0
64,202404,6,65,0
65,202404,7,42,0
66,202404,7,61,0
67,202404,7,75,0
68,202404,7,25,0
69,202404,7,35,0
70,202404,7,36,0
71,202404,7,15,0
73,202404,8,27,0
74,202404,8,38,0
75,202404,8,41,0
76,202404,8,41,0
77,202404,8,54,0
9,202405,1,59,0
10,202405,1,24,0
11,202405,1,34,0
12,202405,1,10,0
13,202405,1,40,0
14,202405,1,70,0
15,202405,1,10,0
16,202405,1,23,0
17,202405,1,33,0
18,202405,2,37,0
19,202405,2,20,0
20,202405,2,65,0
21,202405,2,18,0
22,202405,2,73,0
23,202405,2,63,0
24,202405,2,19,0
25,202405,2,36,0
26,202405,2,21,0
27,202405,2,46,0
28,202405,2,35,0
29,202405,3,66,0
30,202405,3,52,0
31,202405,3,12,0
32,202405,3,71,0
33,202405,3,31,0
34,202405,3,49,0
35,202405,3,76,0
36,202405,4,38,0
37,202405,4,23,0
39,202405,4,71,0
40,202405,4,27,0
41,202405,4,67,0
42,202405,4,70,0
43,202405,4,19,0
44,202405,4,11,0
45,202405,4,10,0
46,202405,5,57,0
47,202405,5,58,0
48,202405,5,32,0
49,202405,5,15,0
50,202405,5,59,0
51,202405,5,12,0
52,202405,5,74,0
53,202405,5,15,0
54,202405,5,12,0
55,202405,5,16,0
56,202405,6,24,0
57,202405,6,35,0
58,202405,6,73,0
59,202405,6,52,0
61,202405,6,75,0
62,202405,6,15,0
63,202405,6,48,0
64,202405,6,66,0
65,202405,7,43,0
66,202405,7,62,0
67,202405,7,76,0
68,202405,7,26,0
69,202405,7,36,0
71,202405,7,16,0
73,202405,8,28,0
74,202405,8,39,0
75,202405,8,42,0
76,202405,8,42,0
78,202405,4,0,1
79,202405,7,0,1
9,202406,1,60,0
10,202406,1,25,0
11,202406,1,35,0
12,202406,1,11,0
13,202406,1,41,0
14,202406,1,71,0
15,202406,1,11,0
16,202406,1,24,0
17,202406,1,34,0
18,202406,2,38,0
19,202406,2,21,0
20,202406,2,66,0
21,202406,2,19,0
22,202406,2,74,0
23,202406,2,64,0
24,202406,2,20,0
25,202406,2,37,0
26,202406,2,22,0
27,202406,2,47,0
28,202406,2,36,0
29,202406,3,67,0
30,202406,3,53,0
31,202406,3,13,0
32,202406,3,72,0
33,202406,3,32,0
34,202406,3,50,0
35,202406,3,77,0
36,202406,4,39,0
37,202406,4,24,0
39,202406,4,72,0
40,202406,4,28,0
41,202406,4,68,0
42,202406,4,71,0
43,202406,4,20,0
45,202406,4,11,0
46,202406,5,58,0
47,202406,5,59,0
48,202406,5,33,0
49,202406,5,16,0
50,202406,5,60,0
51,202406,5,13,0
52,202406,5,75,0
53,202406,5,16,0
54,202406,5,13,0
55,202406,5,17,0
56,202406,6,25,0
57,202406,6,36,0
58,202406,6,74,0
59,202406,6,53,0
61,202406,6,76,0
62,202406,6,16,0
63,202406,6,49,0
64,202406,6,67,0
65,202406,7,44,0
66,202406,7,63,0
67,202406,7,77,0
68,202406,7,27,0
69,202406,7,37,0
71,202406,7,17,0
73,202406,8,29,0
74,202406,8,40,0
75,202406,8,43,0
76,202406,8,43,0
78,202406,4,1,1
79,202406,7,1,1
80,202406,6,0,1
81,202406,7,0,1
9,202407,1,61,0
10,202407,1,26,0
11,202407,1,36,0
12,202407,1,12,0
13,202407,1,42,0
14,202407,1,72,0
15,202407,1,12,0
16,202407,1,25,0
17,202407,1,35,0
18,202407,2,39,0
19,202407,2,22,0
20,202407,2,67,0
21,202407,2,20,0
22,202407,2,75,0
23,202407,2,65,0
24,202407,2,21,0
25,202407,2,38,0
26,202407,2,23,0
27,202407,2,48,0
28,202407,2,37,0
29,202407,3,68,0
30,202407,3,54,0
31,202407,3,14,0
32,202407,3,73,0
33,202407,3,33,0
34,202407,3,51,0
35,202407,3,78,0
36,202407,4,40,0
37,202407,4,25,0
39,202407,4,73,0
40,202407,4,29,0
41,202407,4,69,0
42,202407,4,72,0
43,202407,4,21,0
45,202407,4,12,0
46,202407,5,59,0
47,202407,5,60,0
48,202407,5,34,0
49,202407,5,17,0
50,202407,5,61,0
51,202407,5,14,0
52,202407,5,76,0
53,202407,5,17,0
54,202407,5,14,0
55,202407,5,18,0
56,202407,6,26,0
57,202407,6,37,0
58,202407,6,75,0
59,202407,6,54,0
61,202407,6,77,0
62,202407,6,17,0
63,202407,6,50,0
64,202407,6,68,0
65,202407,7,45,0
66,202407,7,64,0
67,202407,7,78,0
68,202407,7,28,0
69,202407,7,38,0
71,202407,7,18,0
73,202407,8,30,0
74,202407,8,41,0
75,202407,8,44,0
76,202407,8,44,0
78,202407,4,2,1
79,202407,7,2,1
80,202407,6,1,1
81,202407,7,1,1
82,202407,8,0,1
9,202408,1,62,0
10,202408,1,27,0
11,202408,1,37,0
12,202408,1,13,0
13,202408,1,43,0
14,202408,1,73,0
15,202408,1,13,0
16,202408,1,26,0
17,202408,1,36,0
18,202408,2,40,0
19,202408,2,23,0
20,202408,2,68,0
21,202408,2,21,0
22,202408,2,76,0
23,202408,2,66,0
24,202408,2,22,0
25,202408,2,39,0
26,202408,2,24,0
27,202408,2,49,0
28,202408,2,38,0
29,202408,3,69,0
30,202408,3,55,0
31,202408,3,15,0
32,202408,3,74,0
33,202408,3,34,0
34,202408,3,52,0
35,202408,3,79,0
36,202408,4,41,0
37,202408,4,26,0
39,202408,4,74,0
40,202408,4,30,0
41,202408,4,70,0
42,202408,4,73,0
43,202408,4,22,0
45,202408,4,13,0
46,202408,5,60,0
47,202408,5,61,0
48,202408,5,35,0
49,202408,5,18,0
50,202408,5,62,0
51,202408,5,15,0
52,202408,5,77,0
53,202408,5,18,0
54,202408,5,15,0
55,202408,5,19,0
56,202408,6,27,0
57,202408,6,38,0
58,202408,6,76,0
59,202408,6,55,0
61,202408,6,78,0
62,202408,6,18,0
63,202408,6,51,0
64,202408,6,69,0
65,202408,7,46,0
66,202408,7,65,0
67,202408,7,79,0
68,202408,7,29,0
69,202408,7,39,0
71,202408,7,19,0
73,202408,8,31,0
74,202408,8,42,0
75,202408,8,45,0
76,202408,8,45,0
78,202408,4,3,0
79,202408,7,3,0
80,202408,6,2,1
81,202408,7,2,1
82,202408,8,1,1
9,202409,1,63,0
10,202409,1,28,0
11,202409,1,38,0
12,202409,1,14,0
13,202409,1,44,0
14,202409,1,74,0
15,202409,1,14,0
16,202409,1,27,0
17,202409,1,37,0
18,202409,2,41,0
19,202409,2,24,0
20,202409,2,69,0
21,202409,2,22,0
22,202409,2,77,0
23,202409,2,67,0
24,202409,2,23,0
25,202409,2,40,0
26,202409,2,25,0
27,202409,2,50,0
28,202409,2,39,0
29,202409,3,70,0
30,202409,3,56,0
31,202409,3,16,0
32,202409,3,75,0
33,202409,3,35,0
34,202409,3,53,0
35,202409,3,80,0
36,202409,4,42,0
37,202409,4,27,0
39,202409,4,75,0
40,202409,4,31,0
41,202409,4,71,0
42,202409,4,74,0
43,202409,4,23,0
45,202409,4,14,0
46,202409,5,61,0
47,202409,5,62,0
48,202409,5,36,0
50,202409,5,63,0
51,202409,5,16,0
52,202409,5,78,0
53,202409,5,19,0
54,202409,5,16,0
55,202409,5,20,0
56,202409,6,28,0
57,202409,6,39,0
58,202409,6,77,0
59,202409,6,56,0
61,202409,6,79,0
62,202409,6,19,0
63,202409,6,52,0
64,202409,6,70,0
65,202409,7,47,0
66,202409,7,66,0
67,202409,7,80,0
68,202409,7,30,0
69,202409,7,40,0
71,202409,7,20,0
73,202409,8,32,0
74,202409,8,43,0
75,202409,8,46,0
76,202409,8,46,0
78,202409,4,4,0
79,202409,7,4,0
80,202409,6,3,0
81,202409,7,3,0
82,202409,8,2,1
83,202409,4,0,1
9,202410,1,64,0
10,202410,1,29,0
11,202410,1,39,0
12,202410,1,15,0
13,202410,1,45,0
14,202410,1,75,0
15,202410,1,15,0
16,202410,1,28,0
17,202410,1,38,0
18,202410,2,42,0
19,202410,2,25,0
21,202410,2,23,0
23,202410,2,68,0
24,202410,2,24,0
25,202410,2,41,0
26,202410,2,26,0
27,202410,2,51,0
28,202410,2,40,0
29,202410,3,71,0
30,202410,3,57,0
31,202410,3,17,0
32,202410,3,76,0
33,202410,3,36,0
34,202410,3,54,0
35,202410,3,81,0
36,202410,4,43,0
37,202410,4,28,0
39,202410,4,76,0
40,202410,4,32,0
41,202410,4,72,0
42,202410,4,75,0
43,202410,4,24,0
45,202410,4,15,0
46,202410,5,62,0
47,202410,5,63,0
48,202410,5,37,0
50,202410,5,64,0
51,202410,5,17,0
52,202410,5,79,0
53,202410,5,20,0
54,202410,5,17,0
55,202410,5,21,0
56,202410,6,29,0
57,202410,6,40,0
58,202410,6,78,0
59,202410,6,57,0
61,202410,6,80,0
62,202410,6,20,0
63,202410,6,53,0
64,202410,6,71,0
65,202410,7,48,0
66,202410,7,67,0
67,202410,7,81,0
68,202410,7,31,0
69,202410,7,41,0
71,202410,7,21,0
73,202410,8,33,0
74,202410,8,44,0
75,202410,8,47,0
76,202410,8,47,0
78,202410,4,5,0
79,202410,7,5,0
80,202410,6,4,0
81,202410,7,4,0
82,202410,8,3,0
83,202410,4,1,1
9,202411,1,65,0
10,202411,1,30,0
11,202411,1,40,0
12,202411,1,16,0
13,202411,1,46,0
14,202411,1,76,0
15,202411,1,16,0
16,202411,1,29,0
17,202411,1,39,0
18,202411,2,43,0
19,202411,2,26,0
21,202411,2,24,0
23,202411,2,69,0
24,202411,2,25,0
25,202411,2,42,0
26,202411,2,27,0
27,202411,2,52,0
28,202411,2,41,0
29,202411,3,72,0
30,202411,3,58,0
31,202411,3,18,0
32,202411,3,77,0
33,202411,3,37,0
34,202411,3,55,0
35,202411,3,82,0
36,202411,4,44,0
37,202411,4,29,0
39,202411,4,77,0
40,202411,4,33,0
41,202411,4,73,0
42,202411,4,76,0
43,202411,4,25,0
45,202411,4,16,0
46,202411,5,63,0
47,202411,5,64,0
48,202411,5,38,0
50,202411,5,65,0
51,202411,5,18,0
52,202411,5,80,0
53,202411,5,21,0
54,202411,5,18,0
55,202411,5,22,0
56,202411,6,30,0
57,202411,6,41,0
58,202411,6,79,0
59,202411,6,58,0
61,202411,6,81,0
62,202411,6,21,0
63,202411,6,54,0
64,202411,6,72,0
65,202411,7,49,0
66,202411,7,68,0
67,202411,7,82,0
68,202411,7,32,0
69,202411,7,42,0
71,202411,7,22,0
73,202411,8,34,0
74,202411,8,45,0
75,202411,8,48,0
76,202411,8,48,0
78,202411,4,6,0
79,202411,7,6,0
80,202411,6,5,0
81,202411,7,5,0
82,202411,8,4,0
83,202411,4,2,1
84,202411,5,0,1
10,202412,1,31,0
11,202412,1,41,0
12,202412,1,17,0
13,202412,1,47,0
14,202412,1,77,0
15,202412,1,17,0
16,202412,1,30,0
17,202412,1,40,0
18,202412,2,44,0
19,202412,2,27,0
21,202412,2,25,0
23,202412,2,70,0
24,202412,2,26,0
25,202412,2,43,0
26,202412,2,28,0
27,202412,2,53,0
28,202412,2,42,0
29,202412,3,73,0
30,202412,3,59,0
31,202412,3,19,0
32,202412,3,78,0
33,202412,3,38,0
34,202412,3,56,0
35,202412,3,83,0
36,202412,4,45,0
37,202412,4,30,0
39,202412,4,78,0
40,202412,4,34,0
41,202412,4,74,0
42,202412,4,77,0
43,202412,4,26,0
45,202412,4,17,0
46,202412,5,64,0
47,202412,5,65,0
48,202412,5,39,0
50,202412,5,66,0
51,202412,5,19,0
52,202412,5,81,0
53,202412,5,22,0
54,202412,5,19,0
55,202412,5,23,0
56,202412,6,31,0
57,202412,6,42,0
58,202412,6,80,0
59,202412,6,59,0
61,202412,6,82,0
62,202412,6,22,0
63,202412,6,55,0
64,202412,6,73,0
65,202412,7,50,0
66,202412,7,69,0
67,202412,7,83,0
68,202412,7,33,0
69,202412,7,43,0
71,202412,7,23,0
73,202412,8,35,0
74,202412,8,46,0
75,202412,8,49,0
76,202412,8,49,0
78,202412,4,7,0
79,202412,7,7,0
80,202412,6,6,0
81,202412,7,6,0
82,202412,8,5,0
83,202412,4,3,0
84,202412,5,1,1
85,202412,2,0,1
9,202412,2,66,0
10,202501,1,32,0
11,202501,1,42,0
12,202501,1,18,0
13,202501,1,48,0
14,202501,1,78,0
15,202501,1,18,0
16,202501,1,31,0
17,202501,1,41,0
18,202501,2,45,0
19,202501,2,28,0
21,202501,2,26,0
23,202501,2,71,0
24,202501,2,27,0
25,202501,2,44,0
26,202501,2,29,0
27,202501,2,54,0
28,202501,2,43,0
29,202501,3,74,0
30,202501,3,60,0
31,202501,3,20,0
32,202501,3,79,0
33,202501,3,39,0
34,202501,3,57,0
35,202501,3,84,0
36,202501,4,46,0
37,202501,4,31,0
39,202501,4,79,0
40,202501,4,35,0
41,202501,4,75,0
42,202501,4,78,0
43,202501,4,27,0
45,202501,4,18,0
46,202501,5,65,0
47,202501,5,66,0
48,202501,5,40,0
50,202501,5,67,0
51,202501,5,20,0
52,202501,5,82,0
53,202501,5,23,0
54,202501,5,20,0
55,202501,5,24,0
56,202501,6,32,0
57,202501,6,43,0
58,202501,6,81,0
59,202501,6,60,0
61,202501,6,83,0
62,202501,6,23,0
63,202501,6,56,0
64,202501,6,74,0
65,202501,7,51,0
66,202501,7,70,0
67,202501,7,84,0
68,202501,7,34,0
69,202501,7,44,0
71,202501,7,24,0
73,202501,8,36,0
74,202501,8,47,0
75,202501,8,50,0
76,202501,8,50,0
78,202501,4,8,0
79,202501,7,8,0
80,202501,6,7,0
81,202501,7,7,0
82,202501,8,6,0
83,202501,4,4,0
84,202501,5,2,1
85,202501,2,1,1
9,202501,2,67,0
86,202501,2,0,1
87,202501,2,0,1
88,202501,8,0,1
89,202501,8,0,1
10,202502,1,33,0
11,202502,1,43,0
12,202502,1,19,0
13,202502,1,49,0
14,202502,1,79,0
15,202502,1,19,0
16,202502,1,32,0
17,202502,1,42,0
18,202502,2,46,0
19,202502,2,29,0
21,202502,2,27,0
23,202502,2,72,0
24,202502,2,28,0
25,202502,2,45,0
26,202502,2,30,0
27,202502,2,55,0
28,202502,2,44,0
29,202502,3,75,0
30,202502,3,61,0
31,202502,3,21,0
32,202502,3,80,0
33,202502,3,40,0
34,202502,3,58,0
35,202502,3,85,0
36,202502,4,47,0
37,202502,4,32,0
39,202502,4,80,0
40,202502,4,36,0
41,202502,4,76,0
42,202502,4,79,0
43,202502,4,28,0
45,202502,4,19,0
46,202502,5,66,0
47,202502,5,67,0
48,202502,5,41,0
50,202502,5,68,0
51,202502,5,21,0
52,202502,5,83,0
53,202502,5,24,0
54,202502,5,21,0
55,202502,5,25,0
56,202502,6,33,0
57,202502,6,44,0
58,202502,6,82,0
59,202502,6,61,0
61,202502,6,84,0
62,202502,6,24,0
63,202502,6,57,0
64,202502,6,75,0
65,202502,7,52,0
67,202502,7,85,0
68,202502,7,35,0
69,202502,7,45,0
71,202502,7,25,0
73,202502,8,37,0
74,202502,8,48,0
75,202502,8,51,0
76,202502,8,51,0
78,202502,4,9,0
79,202502,7,9,0
80,202502,6,8,0
81,202502,7,8,0
82,202502,8,7,0
83,202502,4,5,0
84,202502,5,3,0
85,202502,2,2,1
9,202502,2,68,0
86,202502,2,1,1
87,202502,2,1,1
88,202502,8,1,1
89,202502,8,1,1
90,202502,1,0,1
10,202503,1,34,0
11,202503,1,44,0
12,202503,1,20,0
13,202503,1,50,0
14,202503,1,80,0
15,202503,1,20,0
16,202503,1,33,0
17,202503,1,43,0
18,202503,2,47,0
19,202503,2,30,0
21,202503,2,28,0
23,202503,2,73,0
24,202503,2,29,0
25,202503,2,46,0
26,202503,2,31,0
27,202503,2,56,0
28,202503,2,45,0
29,202503,3,76,0
30,202503,3,62,0
31,202503,3,22,0
32,202503,3,81,0
33,202503,3,41,0
34,202503,3,59,0
35,202503,3,86,0
36,202503,4,48,0
37,202503,4,33,0
39,202503,4,81,0
40,202503,4,37,0
41,202503,4,77,0
42,202503,4,80,0
43,202503,4,29,0
45,202503,4,20,0
46,202503,5,67,0
47,202503,5,68,0
48,202503,5,42,0
50,202503,5,69,0
51,202503,5,22,0
52,202503,5,84,0
53,202503,5,25,0
54,202503,5,22,0
55,202503,5,26,0
56,202503,6,34,0
58,202503,6,83,0
59,202503,6,62,0
61,202503,6,85,0
62,202503,6,25,0
63,202503,6,58,0
64,202503,6,76,0
65,202503,7,53,0
68,202503,7,36,0
69,202503,7,46,0
71,202503,7,26,0
73,202503,8,38,0
74,202503,8,49,0
75,202503,8,52,0
78,202503,4,10,0
79,202503,7,10,0
80,202503,6,9,0
81,202503,7,9,0
82,202503,8,8,0
83,202503,4,6,0
84,202503,5,4,0
85,202503,2,3,0
9,202503,2,69,0
86,202503,2,2,1
87,202503,2,2,1
88,202503,8,2,1
89,202503,8,2,1
90,202503,1,1,1
91,202503,6,0,1
92,202503,8,0,1
57,202503,7,45,0
10,202504,1,35,0
11,202504,1,45,0
12,202504,1,21,0
13,202504,1,51,0
14,202504,1,81,0
15,202504,1,21,0
16,202504,1,34,0
17,202504,1,44,0
18,202504,2,48,0
19,202504,2,31,0
21,202504,2,29,0
23,202504,2,74,0
24,202504,2,30,0
25,202504,2,47,0
26,202504,2,32,0
27,202504,2,57,0
28,202504,2,46,0
29,202504,3,77,0
31,202504,3,23,0
32,202504,3,82,0
33,202504,3,42,0
34,202504,3,60,0
35,202504,3,87,0
36,202504,4,49,0
37,202504,4,34,0
39,202504,4,82,0
40,202504,4,38,0
41,202504,4,78,0
42,202504,4,81,0
43,202504,4,30,0
45,202504,4,21,0
46,202504,5,68,0
47,202504,5,69,0
48,202504,5,43,0
50,202504,5,70,0
51,202504,5,23,0
52,202504,5,85,0
53,202504,5,26,0
54,202504,5,23,0
55,202504,5,27,0
56,202504,6,35,0
58,202504,6,84,0
59,202504,6,63,0
61,202504,6,86,0
62,202504,6,26,0
63,202504,6,59,0
64,202504,6,77,0
65,202504,7,54,0
68,202504,7,37,0
69,202504,7,47,0
71,202504,7,27,0
73,202504,8,39,0
74,202504,8,50,0
75,202504,8,53,0
78,202504,4,11,0
79,202504,7,11,0
80,202504,6,10,0
81,202504,7,10,0
82,202504,8,9,0
83,202504,4,7,0
84,202504,5,5,0
85,202504,2,4,0
9,202504,2,70,0
86,202504,2,3,0
87,202504,2,3,0
88,202504,8,3,0
89,202504,8,3,0
90,202504,1,2,1
91,202504,6,1,1
92,202504,8,1,1
57,202504,7,46,0
93,202504,4,0,1
94,202504,7,0,1
10,202505,1,36,0
11,202505,1,46,0
12,202505,1,22,0
13,202505,1,52,0
14,202505,1,82,0
15,202505,1,22,0
16,202505,1,35,0
17,202505,1,45,0
18,202505,2,49,0
19,202505,2,32,0
21,202505,2,30,0
23,202505,2,75,0
24,202505,2,31,0
25,202505,2,48,0
26,202505,2,33,0
27,202505,2,58,0
28,202505,2,47,0
29,202505,3,78,0
31,202505,3,24,0
32,202505,3,83,0
33,202505,3,43,0
34,202505,3,61,0
35,202505,3,88,0
36,202505,4,50,0
37,202505,4,35,0
39,202505,4,83,0
40,202505,4,39,0
41,202505,4,79,0
42,202505,4,82,0
43,202505,4,31,0
45,202505,4,22,0
46,202505,5,69,0
47,202505,5,70,0
48,202505,5,44,0
50,202505,5,71,0
51,202505,5,24,0
52,202505,5,86,0
53,202505,5,27,0
54,202505,5,24,0
55,202505,5,28,0
56,202505,6,36,0
58,202505,6,85,0
59,202505,6,64,0
62,202505,6,27,0
63,202505,6,60,0
64,202505,6,78,0
65,202505,7,55,0
68,202505,7,38,0
69,202505,7,48,0
71,202505,7,28,0
73,202505,8,40,0
74,202505,8,51,0
75,202505,8,54,0
78,202505,4,12,0
79,202505,7,12,0
80,202505,6,11,0
82,202505,8,10,0
83,202505,4,8,0
84,202505,5,6,0
85,202505,2,5,0
9,202505,2,71,0
86,202505,2,4,0
87,202505,2,4,0
88,202505,8,4,0
89,202505,8,4,0
90,202505,1,3,0
91,202505,6,2,1
92,202505,8,2,1
57,202505,7,47,0
93,202505,4,1,1
94,202505,7,1,1
95,202505,3,0,1
96,202505,6,0,1
97,202505,7,0,1
98,202505,8,0,1
81,202505,6,11,0
10,202506,1,37,0
11,202506,1,47,0
12,202506,1,23,0
13,202506,1,53,0
14,202506,1,83,0
15,202506,1,23,0
16,202506,1,36,0
17,202506,1,46,0
18,202506,2,50,0
19,202506,2,33,0
21,202506,2,31,0
23,202506,2,76,0
24,202506,2,32,0
25,202506,2,49,0
26,202506,2,34,0
27,202506,2,59,0
28,202506,2,48,0
29,202506,3,79,0
31,202506,3,25,0
32,202506,3,84,0
33,202506,3,44,0
34,202506,3,62,0
35,202506,3,89,0
36,202506,4,51,0
37,202506,4,36,0
39,202506,4,84,0
40,202506,4,40,0
41,202506,4,80,0
42,202506,4,83,0
43,202506,4,32,0
45,202506,4,23,0
46,202506,5,70,0
47,202506,5,71,0
48,202506,5,45,0
50,202506,5,72,0
51,202506,5,25,0
52,202506,5,87,0
53,202506,5,28,0
54,202506,5,25,0
55,202506,5,29,0
56,202506,6,37,0
58,202506,6,86,0
59,202506,6,65,0
62,202506,6,28,0
63,202506,6,61,0
64,202506,6,79,0
65,202506,7,56,0
68,202506,7,39,0
69,202506,7,49,0
71,202506,7,29,0
73,202506,8,41,0
74,202506,8,52,0
75,202506,8,55,0
78,202506,4,13,0
79,202506,7,13,0
80,202506,6,12,0
82,202506,8,11,0
83,202506,4,9,0
84,202506,5,7,0
85,202506,2,6,0
9,202506,2,72,0
86,202506,2,5,0
87,202506,2,5,0
88,202506,8,5,0
89,202506,8,5,0
90,202506,1,4,0
91,202506,6,3,0
92,202506,8,3,0
57,202506,7,48,0
93,202506,4,2,1
94,202506,7,2,1
95,202506,3,1,1
96,202506,6,1,1
97,202506,7,1,1
98,202506,8,1,1
81,202506,6,12,0
10,202507,1,38,0
11,202507,1,48,0
12,202507,1,24,0
13,202507,1,54,0
14,202507,1,84,0
15,202507,1,24,0
16,202507,1,37,0
17,202507,1,47,0
18,202507,2,51,0
19,202507,2,34,0
21,202507,2,32,0
23,202507,2,77,0
24,202507,2,33,0
25,202507,2,50,0
26,202507,2,35,0
27,202507,2,60,0
28,202507,2,49,0
31,202507,3,26,0
32,202507,3,85,0
33,202507,3,45,0
34,202507,3,63,0
35,202507,3,90,0
36,202507,4,52,0
37,202507,4,37,0
39,202507,4,85,0
40,202507,4,41,0
41,202507,4,81,0
42,202507,4,84,0
43,202507,4,33,0
45,202507,4,24,0
46,202507,5,71,0
47,202507,5,72,0
48,202507,5,46,0
50,202507,5,73,0
51,202507,5,26,0
52,202507,5,88,0
53,202507,5,29,0
54,202507,5,26,0
55,202507,5,30,0
56,202507,6,38,0
58,202507,6,87,0
59,202507,6,66,0
62,202507,6,29,0
63,202507,6,62,0
64,202507,6,80,0
65,202507,7,57,0
68,202507,7,40,0
69,202507,7,50,0
71,202507,7,30,0
73,202507,8,42,0
74,202507,8,53,0
75,202507,8,56,0
78,202507,4,14,0
79,202507,7,14,0
80,202507,6,13,0
82,202507,8,12,0
83,202507,4,10,0
84,202507,5,8,0
85,202507,2,7,0
9,202507,2,73,0
86,202507,2,6,0
87,202507,2,6,0
88,202507,8,6,0
89,202507,8,6,0
90,202507,1,5,0
91,202507,6,4,0
92,202507,8,4,0
57,202507,7,49,0
93,202507,4,3,0
94,202507,7,3,0
95,202507,3,2,1
96,202507,6,2,1
97,202507,7,2,1
98,202507,8,2,1
81,202507,6,13,0
99,202507,6,0,1
100,202507,7,0,1
10,202508,1,39,0
11,202508,1,49,0
12,202508,1,25,0
13,202508,1,55,0
14,202508,1,85,0
15,202508,1,25,0
16,202508,1,38,0
17,202508,1,48,0
18,202508,2,52,0
19,202508,2,35,0
21,202508,2,33,0
23,202508,2,78,0
24,202508,2,34,0
25,202508,2,51,0
26,202508,2,36,0
27,202508,2,61,0
28,202508,2,50,0
31,202508,3,27,0
32,202508,3,86,0
33,202508,3,46,0
34,202508,3,64,0
35,202508,3,91,0
36,202508,4,53,0
37,202508,4,38,0
39,202508,4,86,0
40,202508,4,42,0
41,202508,4,82,0
42,202508,4,85,0
43,202508,4,34,0
45,202508,4,25,0
46,202508,5,72,0
47,202508,5,73,0
48,202508,5,47,0
50,202508,5,74,0
51,202508,5,27,0
52,202508,5,89,0
53,202508,5,30,0
54,202508,5,27,0
55,202508,5,31,0
56,202508,6,39,0
58,202508,6,88,0
59,202508,6,67,0
62,202508,6,30,0
63,202508,6,63,0
64,202508,6,81,0
65,202508,7,58,0
68,202508,7,41,0
69,202508,7,51,0
71,202508,7,31,0
73,202508,8,43,0
74,202508,8,54,0
75,202508,8,57,0
78,202508,4,15,0
79,202508,7,15,0
80,202508,6,14,0
82,202508,8,13,0
83,202508,4,11,0
84,202508,5,9,0
85,202508,2,8,0
9,202508,2,74,0
86,202508,2,7,0
87,202508,2,7,0
88,202508,8,7,0
89,202508,8,7,0
90,202508,1,6,0
91,202508,6,5,0
92,202508,8,5,0
57,202508,7,50,0
93,202508,4,4,0
94,202508,7,4,0
95,202508,3,3,0
96,202508,6,3,0
97,202508,7,3,0
98,202508,8,3,0
81,202508,6,14,0
99,202508,6,1,1
100,202508,7,1,1
10,202509,1,40,0
11,202509,1,50,0
12,202509,1,26,0
13,202509,1,56,0
14,202509,1,86,0
15,202509,1,26,0
16,202509,1,39,0
17,202509,1,49,0
18,202509,2,53,0
19,202509,2,36,0
21,202509,2,34,0
23,202509,2,79,0
24,202509,2,35,0
25,202509,2,52,0
26,202509,2,37,0
27,202509,2,62,0
28,202509,2,51,0
31,202509,3,28,0
32,202509,3,87,0
33,202509,3,47,0
34,202509,3,65,0
35,202509,3,92,0
36,202509,4,54,0
37,202509,4,39,0
39,202509,4,87,0
40,202509,4,43,0
41,202509,4,83,0
42,202509,4,86,0
43,202509,4,35,0
45,202509,4,26,0
46,202509,5,73,0
47,202509,5,74,0
48,202509,5,48,0
50,202509,5,75,0
51,202509,5,28,0
52,202509,5,90,0
53,202509,5,31,0
54,202509,5,28,0
55,202509,5,32,0
56,202509,6,40,0
58,202509,6,89,0
59,202509,6,68,0
62,202509,6,31,0
63,202509,6,64,0
64,202509,6,82,0
65,202509,7,59,0
68,202509,7,42,0
69,202509,7,52,0
71,202509,7,32,0
73,202509,8,44,0
74,202509,8,55,0
75,202509,8,58,0
78,202509,4,16,0
79,202509,7,16,0
80,202509,6,15,0
82,202509,8,14,0
83,202509,4,12,0
84,202509,5,10,0
85,202509,2,9,0
9,202509,2,75,0
86,202509,2,8,0
87,202509,2,8,0
88,202509,8,8,0
89,202509,8,8,0
90,202509,1,7,0
92,202509,8,6,0
57,202509,7,51,0
93,202509,4,5,0
94,202509,7,5,0
95,202509,3,4,0
96,202509,6,4,0
97,202509,7,4,0
98,202509,8,4,0
81,202509,6,15,0
99,202509,6,2,1
100,202509,7,2,1
101,202509,3,0,1
91,202509,7,6,0
10,202510,1,41,0
11,202510,1,51,0
12,202510,1,27,0
13,202510,1,57,0
14,202510,1,87,0
15,202510,1,27,0
16,202510,1,40,0
17,202510,1,50,0
18,202510,2,54,0
19,202510,2,37,0
21,202510,2,35,0
23,202510,2,80,0
24,202510,2,36,0
25,202510,2,53,0
26,202510,2,38,0
27,202510,2,63,0
28,202510,2,52,0
31,202510,3,29,0
32,202510,3,88,0
33,202510,3,48,0
35,202510,3,93,0
36,202510,4,55,0
37,202510,4,40,0
39,202510,4,88,0
40,202510,4,44,0
41,202510,4,84,0
42,202510,4,87,0
43,202510,4,36,0
45,202510,4,27,0
46,202510,5,74,0
47,202510,5,75,0
48,202510,5,49,0
51,202510,5,29,0
52,202510,5,91,0
53,202510,5,32,0
54,202510,5,29,0
55,202510,5,33,0
56,202510,6,41,0
58,202510,6,90,0
59,202510,6,69,0
62,202510,6,32,0
63,202510,6,65,0
64,202510,6,83,0
65,202510,7,60,0
68,202510,7,43,0
69,202510,7,53,0
71,202510,7,33,0
73,202510,8,45,0
74,202510,8,56,0
75,202510,8,59,0
78,202510,4,17,0
79,202510,7,17,0
80,202510,6,16,0
82,202510,8,15,0
83,202510,4,13,0
84,202510,5,11,0
85,202510,2,10,0
9,202510,2,76,0
86,202510,2,9,0
87,202510,2,9,0
88,202510,8,9,0
89,202510,8,9,0
90,202510,1,8,0
92,202510,8,7,0
57,202510,7,52,0
93,202510,4,6,0
94,202510,7,6,0
95,202510,3,5,0
96,202510,6,5,0
97,202510,7,5,0
98,202510,8,5,0
81,202510,6,16,0
99,202510,6,3,0
100,202510,7,3,0
101,202510,3,1,1
91,202510,7,7,0
102,202510,6,0,1
10,202511,1,42,0
11,202511,1,52,0
12,202511,1,28,0
13,202511,1,58,0
14,202511,1,88,0
15,202511,1,28,0
16,202511,1,41,0
17,202511,1,51,0
18,202511,2,55,0
19,202511,2,38,0
21,202511,2,36,0
23,202511,2,81,0
24,202511,2,37,0
25,202511,2,54,0
26,202511,2,39,0
27,202511,2,64,0
28,202511,2,53,0
31,202511,3,30,0
32,202511,3,89,0
33,202511,3,49,0
35,202511,3,94,0
36,202511,4,56,0
37,202511,4,41,0
39,202511,4,89,0
40,202511,4,45,0
41,202511,4,85,0
42,202511,4,88,0
43,202511,4,37,0
45,202511,4,28,0
46,202511,5,75,0
47,202511,5,76,0
48,202511,5,50,0
51,202511,5,30,0
52,202511,5,92,0
53,202511,5,33,0
54,202511,5,30,0
55,202511,5,34,0
56,202511,6,42,0
58,202511,6,91,0
59,202511,6,70,0
62,202511,6,33,0
63,202511,6,66,0
64,202511,6,84,0
65,202511,7,61,0
68,202511,7,44,0
69,202511,7,54,0
71,202511,7,34,0
73,202511,8,46,0
74,202511,8,57,0
75,202511,8,60,0
78,202511,4,18,0
79,202511,7,18,0
80,202511,6,17,0
82,202511,8,16,0
83,202511,4,14,0
84,202511,5,12,0
85,202511,2,11,0
9,202511,2,77,0
86,202511,2,10,0
87,202511,2,10,0
88,202511,8,10,0
89,202511,8,10,0
90,202511,1,9,0
92,202511,8,8,0
57,202511,7,53,0
93,202511,4,7,0
94,202511,7,7,0
95,202511,3,6,0
96,202511,6,6,0
97,202511,7,6,0
98,202511,8,6,0
81,202511,6,17,0
99,202511,6,4,0
100,202511,7,4,0
101,202511,3,2,1
91,202511,7,8,0
102,202511,6,1,1
103,202511,3,0,1
10,202512,1,43,0
11,202512,1,53,0
12,202512,1,29,0
13,202512,1,59,0
14,202512,1,89,0
15,202512,1,29,0
16,202512,1,42,0
17,202512,1,52,0
18,202512,2,56,0
19,202512,2,39,0
21,202512,2,37,0
23,202512,2,82,0
24,202512,2,38,0
25,202512,2,55,0
26,202512,2,40,0
27,202512,2,65,0
28,202512,2,54,0
31,202512,3,31,0
32,202512,3,90,0
33,202512,3,50,0
35,202512,3,95,0
36,202512,4,57,0
37,202512,4,42,0
39,202512,4,90,0
40,202512,4,46,0
41,202512,4,86,0
42,202512,4,89,0
43,202512,4,38,0
45,202512,4,29,0
46,202512,5,76,0
47,202512,5,77,0
48,202512,5,51,0
51,202512,5,31,0
52,202512,5,93,0
53,202512,5,34,0
54,202512,5,31,0
55,202512,5,35,0
56,202512,6,43,0
58,202512,6,92,0
59,202512,6,71,0
62,202512,6,34,0
63,202512,6,67,0
64,202512,6,85,0
65,202512,7,62,0
68,202512,7,45,0
69,202512,7,55,0
71,202512,7,35,0
73,202512,8,47,0
74,202512,8,58,0
75,202512,8,61,0
78,202512,4,19,0
79,202512,7,19,0
80,202512,6,18,0
82,202512,8,17,0
83,202512,4,15,0
84,202512,5,13,0
85,202512,2,12,0
9,202512,2,78,0
86,202512,2,11,0
87,202512,2,11,0
88,202512,8,11,0
89,202512,8,11,0
90,202512,1,10,0
92,202512,8,9,0
57,202512,7,54,0
93,202512,4,8,0
94,202512,7,8,0
95,202512,3,7,0
96,202512,6,7,0
97,202512,7,7,0
98,202512,8,7,0
81,202512,6,18,0
99,202512,6,5,0
100,202512,7,5,0
101,202512,3,3,0
91,202512,7,9,0
102,202512,6,2,1
103,202512,3,1,1
104,202512,5,0,1
