date_key,date,year,quarter,month_num,month_name,month_key,year_month,month_start_date,day_of_month,days_in_month,weekday_name,is_month_end_window,month_index
20240101,2024-01-01,2024,Q1,1,Jan,202401,2024-01,2024-01-01,1,31,Monday,0,1
20240102,2024-01-02,2024,Q1,1,Jan,202401,2024-01,2024-01-01,2,31,Tuesday,0,1
20240103,2024-01-03,2024,Q1,1,Jan,202401,2024-01,2024-01-01,3,31,Wednesday,0,1
20240104,2024-01-04,2024,Q1,1,Jan,202401,2024-01,2024-01-01,4,31,Thursday,0,1
20240105,2024-01-05,2024,Q1,1,Jan,202401,2024-01,2024-01-01,5,31,Friday,0,1
20240106,2024-01-06,2024,Q1,1,Jan,202401,2024-01,2024-01-01,6,31,Saturday,0,1
20240107,2024-01-07,2024,Q1,1,Jan,202401,2024-01,2024-01-01,7,31,Sunday,0,1
20240108,2024-01-08,2024,Q1,1,Jan,202401,2024-01,2024-01-01,8,31,Monday,0,1
20240109,2024-01-09,2024,Q1,1,Jan,202401,2024-01,2024-01-01,9,31,Tuesday,0,1
20240110,2024-01-10,2024,Q1,1,Jan,202401,2024-01,2024-01-01,10,31,Wednesday,0,1
20240111,2024-01-11,2024,Q1,1,Jan,202401,2024-01,2024-01-01,11,31,Thursday,0,1
20240112,2024-01-12,2024,Q1,1,Jan,202401,2024-01,2024-01-01,12,31,Friday,0,1
20240113,2024-01-13,2024,Q1,1,Jan,202401,2024-01,2024-01-01,13,31,Saturday,0,1
20240114,2024-01-14,2024,Q1,1,Jan,202401,2024-01,2024-01-01,14,31,Sunday,0,1
20240115,2024-01-15,2024,Q1,1,Jan,202401,2024-01,2024-01-01,15,31,Monday,0,1
20240116,2024-01-16,2024,Q1,1,Jan,202401,2024-01,2024-01-01,16,31,Tuesday,0,1
20240117,2024-01-17,2024,Q1,1,Jan,202401,2024-01,2024-01-01,17,31,Wednesday,0,1
20240118,2024-01-18,2024,Q1,1,Jan,202401,2024-01,2024-01-01,18,31,Thursday,0,1
20240119,2024-01-19,2024,Q1,1,Jan,202401,2024-01,2024-01-01,19,31,Friday,0,1
20240120,2024-01-20,2024,Q1,1,Jan,202401,2024-01,2024-01-01,20,31,Saturday,0,1
20240121,2024-01-21,2024,Q1,1,Jan,202401,2024-01,2024-01-01,21,31,Sunday,0,1
20240122,2024-01-22,2024,Q1,1,Jan,202401,2024-01,2024-01-01,22,31,Monday,0,1
20240123,2024-01-23,2024,Q1,1,Jan,202401,2024-01,2024-01-01,23,31,Tuesday,0,1
20240124,2024-01-24,2024,Q1,1,Jan,202401,2024-01,2024-01-01,24,31,Wednesday,0,1
20240125,2024-01-25,2024,Q1,1,Jan,202401,2024-01,2024-01-01,25,31,Thursday,0,1
20240126,2024-01-26,2024,Q1,1,Jan,202401,2024-01,2024-01-01,26,31,Friday,0,1
20240127,2024-01-27,2024,Q1,1,Jan,202401,2024-01,2024-01-01,27,31,Saturday,0,1
20240128,2024-01-28,2024,Q1,1,Jan,202401,2024-01,2024-01-01,28,31,Sunday,0,1
20240129,2024-01-29,2024,Q1,1,Jan,202401,2024-01,2024-01-01,29,31,Monday,1,1
20240130,2024-01-30,2024,Q1,1,Jan,202401,2024-01,2024-01-01,30,31,Tuesday,1,1
20240131,2024-01-31,2024,Q1,1,Jan,202401,2024-01,2024-01-01,31,31,Wednesday,1,1
20240201,2024-02-01,2024,Q1,2,Feb,202402,2024-02,2024-02-01,1,29,Thursday,0,2
20240202,2024-02-02,2024,Q1,2,Feb,202402,2024-02,2024-02-01,2,29,Friday,0,2
20240203,2024-02-03,2024,Q1,2,Feb,202402,2024-02,2024-02-01,3,29,Saturday,0,2
20240204,2024-02-04,2024,Q1,2,Feb,202402,2024-02,2024-02-01,4,29,Sunday,0,2
20240205,2024-02-05,2024,Q1,2,Feb,202402,2024-02,2024-02-01,5,29,Monday,0,2
20240206,2024-02-06,2024,Q1,2,Feb,202402,2024-02,2024-02-01,6,29,Tuesday,0,2
20240207,2024-02-07,2024,Q1,2,Feb,202402,2024-02,2024-02-01,7,29,Wednesday,0,2
20240208,2024-02-08,2024,Q1,2,Feb,202402,2024-02,2024-02-01,8,29,Thursday,0,2
20240209,2024-02-09,2024,Q1,2,Feb,202402,2024-02,2024-02-01,9,29,Friday,0,2
20240210,2024-02-10,2024,Q1,2,Feb,202402,2024-02,2024-02-01,10,29,Saturday,0,2
20240211,2024-02-11,2024,Q1,2,Feb,202402,2024-02,2024-02-01,11,29,Sunday,0,2
20240212,2024-02-12,2024,Q1,2,Feb,202402,2024-02,2024-02-01,12,29,Monday,0,2
20240213,2024-02-13,2024,Q1,2,Feb,202402,2024-02,2024-02-01,13,29,Tuesday,0,2
20240214,2024-02-14,2024,Q1,2,Feb,202402,2024-02,2024-02-01,14,29,Wednesday,0,2
20240215,2024-02-15,2024,Q1,2,Feb,202402,2024-02,2024-02-01,15,29,Thursday,0,2
20240216,2024-02-16,2024,Q1,2,Feb,202402,2024-02,2024-02-01,16,29,Friday,0,2
20240217,2024-02-17,2024,Q1,2,Feb,202402,2024-02,2024-02-01,17,29,Saturday,0,2
20240218,2024-02-18,2024,Q1,2,Feb,202402,2024-02,2024-02-01,18,29,Sunday,0,2
20240219,2024-02-19,2024,Q1,2,Feb,202402,2024-02,2024-02-01,19,29,Monday,0,2
20240220,2024-02-20,2024,Q1,2,Feb,202402,2024-02,2024-02-01,20,29,Tuesday,0,2
20240221,2024-02-21,2024,Q1,2,Feb,202402,2024-02,2024-02-01,21,29,Wednesday,0,2
20240222,2024-02-22,2024,Q1,2,Feb,202402,2024-02,2024-02-01,22,29,Thursday,0,2
20240223,2024-02-23,2024,Q1,2,Feb,202402,2024-02,2024-02-01,23,29,Friday,0,2
20240224,2024-02-24,2024,Q1,2,Feb,202402,2024-02,2024-02-01,24,29,Saturday,0,2
20240225,2024-02-25,2024,Q1,2,Feb,202402,2024-02,2024-02-01,25,29,Sunday,0,2
20240226,2024-02-26,2024,Q1,2,Feb,202402,2024-02,2024-02-01,26,29,Monday,0,2
20240227,2024-02-27,2024,Q1,2,Feb,202402,2024-02,2024-02-01,27,29,Tuesday,1,2
20240228,2024-02-28,2024,Q1,2,Feb,202402,2024-02,2024-02-01,28,29,Wednesday,1,2
20240229,2024-02-29,2024,Q1,2,Feb,202402,2024-02,2024-02-01,29,29,Thursday,1,2
20240301,2024-03-01,2024,Q1,3,Mar,202403,2024-03,2024-03-01,1,31,Friday,0,3
20240302,2024-03-02,2024,Q1,3,Mar,202403,2024-03,2024-03-01,2,31,Saturday,0,3
20240303,2024-03-03,2024,Q1,3,Mar,202403,2024-03,2024-03-01,3,31,Sunday,0,3
20240304,2024-03-04,2024,Q1,3,Mar,202403,2024-03,2024-03-01,4,31,Monday,0,3
20240305,2024-03-05,2024,Q1,3,Mar,202403,2024-03,2024-03-01,5,31,Tuesday,0,3
20240306,2024-03-06,2024,Q1,3,Mar,202403,2024-03,2024-03-01,6,31,Wednesday,0,3
20240307,2024-03-07,2024,Q1,3,Mar,202403,2024-03,2024-03-01,7,31,Thursday,0,3
20240308,2024-03-08,2024,Q1,3,Mar,202403,2024-03,2024-03-01,8,31,Friday,0,3
20240309,2024-03-09,2024,Q1,3,Mar,202403,2024-03,2024-03-01,9,31,Saturday,0,3
20240310,2024-03-10,2024,Q1,3,Mar,202403,2024-03,2024-03-01,10,31,Sunday,0,3
20240311,2024-03-11,2024,Q1,3,Mar,202403,2024-03,2024-03-01,11,31,Monday,0,3
20240312,2024-03-12,2024,Q1,3,Mar,202403,2024-03,2024-03-01,12,31,Tuesday,0,3
20240313,2024-03-13,2024,Q1,3,Mar,202403,2024-03,2024-03-01,13,31,Wednesday,0,3
20240314,2024-03-14,2024,Q1,3,Mar,202403,2024-03,2024-03-01,14,31,Thursday,0,3
20240315,2024-03-15,2024,Q1,3,Mar,202403,2024-03,2024-03-01,15,31,Friday,0,3
20240316,2024-03-16,2024,Q1,3,Mar,202403,2024-03,2024-03-01,16,31,Saturday,0,3
20240317,2024-03-17,2024,Q1,3,Mar,202403,2024-03,2024-03-01,17,31,Sunday,0,3
20240318,2024-03-18,2024,Q1,3,Mar,202403,2024-03,2024-03-01,18,31,Monday,0,3
20240319,2024-03-19,2024,Q1,3,Mar,202403,2024-03,2024-03-01,19,31,Tuesday,0,3
20240320,2024-03-20,2024,Q1,3,Mar,202403,2024-03,2024-03-01,20,31,Wednesday,0,3
20240321,2024-03-21,2024,Q1,3,Mar,202403,2024-03,2024-03-01,21,31,Thursday,0,3
20240322,2024-03-22,2024,Q1,3,Mar,202403,2024-03,2024-03-01,22,31,Friday,0,3
20240323,2024-03-23,2024,Q1,3,Mar,202403,2024-03,2024-03-01,23,31,Saturday,0,3
20240324,2024-03-24,2024,Q1,3,Mar,202403,2024-03,2024-03-01,24,31,Sunday,0,3
20240325,2024-03-25,2024,Q1,3,Mar,202403,2024-03,2024-03-01,25,31,Monday,0,3
20240326,2024-03-26,2024,Q1,3,Mar,202403,2024-03,2024-03-01,26,31,Tuesday,0,3
20240327,2024-03-27,2024,Q1,3,Mar,202403,2024-03,2024-03-01,27,31,Wednesday,0,3
20240328,2024-03-28,2024,Q1,3,Mar,202403,2024-03,2024-03-01,28,31,Thursday,0,3
20240329,2024-03-29,2024,Q1,3,Mar,202403,2024-03,2024-03-01,29,31,Friday,1,3
20240330,2024-03-30,2024,Q1,3,Mar,202403,2024-03,2024-03-01,30,31,Saturday,1,3
20240331,2024-03-31,2024,Q1,3,Mar,202403,2024-03,2024-03-01,31,31,Sunday,1,3
20240401,2024-04-01,2024,Q2,4,Apr,202404,2024-04,2024-04-01,1,30,Monday,0,4
20240402,2024-04-02,2024,Q2,4,Apr,202404,2024-04,2024-04-01,2,30,Tuesday,0,4
20240403,2024-04-03,2024,Q2,4,Apr,202404,2024-04,2024-04-01,3,30,Wednesday,0,4
20240404,2024-04-04,2024,Q2,4,Apr,202404,2024-04,2024-04-01,4,30,Thursday,0,4
20240405,2024-04-05,2024,Q2,4,Apr,202404,2024-04,2024-04-01,5,30,Friday,0,4
20240406,2024-04-06,2024,Q2,4,Apr,202404,2024-04,2024-04-01,6,30,Saturday,0,4
20240407,2024-04-07,2024,Q2,4,Apr,202404,2024-04,2024-04-01,7,30,Sunday,0,4
20240408,2024-04-08,2024,Q2,4,Apr,202404,2024-04,2024-04-01,8,30,Monday,0,4
20240409,2024-04-09,2024,Q2,4,Apr,202404,2024-04,2024-04-01,9,30,Tuesday,0,4
20240410,2024-04-10,2024,Q2,4,Apr,202404,2024-04,2024-04-01,10,30,Wednesday,0,4
20240411,2024-04-11,2024,Q2,4,Apr,202404,2024-04,2024-04-01,11,30,Thursday,0,4
20240412,2024-04-12,2024,Q2,4,Apr,202404,2024-04,2024-04-01,12,30,Friday,0,4
20240413,2024-04-13,2024,Q2,4,Apr,202404,2024-04,2024-04-01,13,30,Saturday,0,4
20240414,2024-04-14,2024,Q2,4,Apr,202404,2024-04,2024-04-01,14,30,Sunday,0,4
20240415,2024-04-15,2024,Q2,4,Apr,202404,2024-04,2024-04-01,15,30,Monday,0,4
20240416,2024-04-16,2024,Q2,4,Apr,202404,2024-04,2024-04-01,16,30,Tuesday,0,4
20240417,2024-04-17,2024,Q2,4,Apr,202404,2024-04,2024-04-01,17,30,Wednesday,0,4
20240418,2024-04-18,2024,Q2,4,Apr,202404,2024-04,2024-04-01,18,30,Thursday,0,4
20240419,2024-04-19,2024,Q2,4,Apr,202404,2024-04,2024-04-01,19,30,Friday,0,4
20240420,2024-04-20,2024,Q2,4,Apr,202404,2024-04,2024-04-01,20,30,Saturday,0,4
20240421,2024-04-21,2024,Q2,4,Apr,202404,2024-04,2024-04-01,21,30,Sunday,0,4
20240422,2024-04-22,2024,Q2,4,Apr,202404,2024-04,2024-04-01,22,30,Monday,0,4
20240423,2024-04-23,2024,Q2,4,Apr,202404,2024-04,2024-04-01,23,30,Tuesday,0,4
20240424,2024-04-24,2024,Q2,4,Apr,202404,2024-04,2024-04-01,24,30,Wednesday,0,4
20240425,2024-04-25,2024,Q2,4,Apr,202404,2024-04,2024-04-01,25,30,Thursday,0,4
20240426,2024-04-26,2024,Q2,4,Apr,202404,2024-04,2024-04-01,26,30,Friday,0,4
20240427,2024-04-27,2024,Q2,4,Apr,202404,2024-04,2024-04-01,27,30,Saturday,0,4
20240428,2024-04-28,2024,Q2,4,Apr,202404,2024-04,2024-04-01,28,30,Sunday,1,4
20240429,2024-04-29,2024,Q2,4,Apr,202404,2024-04,2024-04-01,29,30,Monday,1,4
20240430,2024-04-30,2024,Q2,4,Apr,202404,2024-04,2024-04-01,30,30,Tuesday,1,4
20240501,2024-05-01,2024,Q2,5,May,202405,2024-05,2024-05-01,1,31,Wednesday,0,5
20240502,2024-05-02,2024,Q2,5,May,202405,2024-05,2024-05-01,2,31,Thursday,0,5
20240503,2024-05-03,2024,Q2,5,May,202405,2024-05,2024-05-01,3,31,Friday,0,5
20240504,2024-05-04,2024,Q2,5,May,202405,2024-05,2024-05-01,4,31,Saturday,0,5
20240505,2024-05-05,2024,Q2,5,May,202405,2024-05,2024-05-01,5,31,Sunday,0,5
20240506,2024-05-06,2024,Q2,5,May,202405,2024-05,2024-05-01,6,31,Monday,0,5
20240507,2024-05-07,2024,Q2,5,May,202405,2024-05,2024-05-01,7,31,Tuesday,0,5
20240508,2024-05-08,2024,Q2,5,May,202405,2024-05,2024-05-01,8,31,Wednesday,0,5
20240509,2024-05-09,2024,Q2,5,May,202405,2024-05,2024-05-01,9,31,Thursday,0,5
20240510,2024-05-10,2024,Q2,5,May,202405,2024-05,2024-05-01,10,31,Friday,0,5
20240511,2024-05-11,2024,Q2,5,May,202405,2024-05,2024-05-01,11,31,Saturday,0,5
20240512,2024-05-12,2024,Q2,5,May,202405,2024-05,2024-05-01,12,31,Sunday,0,5
20240513,2024-05-13,2024,Q2,5,May,202405,2024-05,2024-05-01,13,31,Monday,0,5
20240514,2024-05-14,2024,Q2,5,May,202405,2024-05,2024-05-01,14,31,Tuesday,0,5
20240515,2024-05-15,2024,Q2,5,May,202405,2024-05,2024-05-01,15,31,Wednesday,0,5
20240516,2024-05-16,2024,Q2,5,May,202405,2024-05,2024-05-01,16,31,Thursday,0,5
20240517,2024-05-17,2024,Q2,5,May,202405,2024-05,2024-05-01,17,31,Friday,0,5
20240518,2024-05-18,2024,Q2,5,May,202405,2024-05,2024-05-01,18,31,Saturday,0,5
20240519,2024-05-19,2024,Q2,5,May,202405,2024-05,2024-05-01,19,31,Sunday,0,5
20240520,2024-05-20,2024,Q2,5,May,202405,2024-05,2024-05-01,20,31,Monday,0,5
20240521,2024-05-21,2024,Q2,5,May,202405,2024-05,2024-05-01,21,31,Tuesday,0,5
20240522,2024-05-22,2024,Q2,5,May,202405,2024-05,2024-05-01,22,31,Wednesday,0,5
20240523,2024-05-23,2024,Q2,5,May,202405,2024-05,2024-05-01,23,31,Thursday,0,5
20240524,2024-05-24,2024,Q2,5,May,202405,2024-05,2024-05-01,24,31,Friday,0,5
20240525,2024-05-25,2024,Q2,5,May,202405,2024-05,2024-05-01,25,31,Saturday,0,5
20240526,2024-05-26,2024,Q2,5,May,202405,2024-05,2024-05-01,26,31,Sunday,0,5
20240527,2024-05-27,2024,Q2,5,May,202405,2024-05,2024-05-01,27,31,Monday,0,5
20240528,2024-05-28,2024,Q2,5,May,202405,2024-05,2024-05-01,28,31,Tuesday,0,5
20240529,2024-05-29,2024,Q2,5,May,202405,2024-05,2024-05-01,29,31,Wednesday,1,5
20240530,2024-05-30,2024,Q2,5,May,202405,2024-05,2024-05-01,30,31,Thursday,1,5
20240531,2024-05-31,2024,Q2,5,May,202405,2024-05,2024-05-01,31,31,Friday,1,5
20240601,2024-06-01,2024,Q2,6,Jun,202406,2024-06,2024-06-01,1,30,Saturday,0,6
20240602,2024-06-02,2024,Q2,6,Jun,202406,2024-06,2024-06-01,2,30,Sunday,0,6
20240603,2024-06-03,2024,Q2,6,Jun,202406,2024-06,2024-06-01,3,30,Monday,0,6
20240604,2024-06-04,2024,Q2,6,Jun,202406,2024-06,2024-06-01,4,30,Tuesday,0,6
20240605,2024-06-05,2024,Q2,6,Jun,202406,2024-06,2024-06-01,5,30,Wednesday,0,6
20240606,2024-06-06,2024,Q2,6,Jun,202406,2024-06,2024-06-01,6,30,Thursday,0,6
20240607,2024-06-07,2024,Q2,6,Jun,202406,2024-06,2024-06-01,7,30,Friday,0,6
20240608,2024-06-08,2024,Q2,6,Jun,202406,2024-06,2024-06-01,8,30,Saturday,0,6
20240609,2024-06-09,2024,Q2,6,Jun,202406,2024-06,2024-06-01,9,30,Sunday,0,6
20240610,2024-06-10,2024,Q2,6,Jun,202406,2024-06,2024-06-01,10,30,Monday,0,6
20240611,2024-06-11,2024,Q2,6,Jun,202406,2024-06,2024-06-01,11,30,Tuesday,0,6
20240612,2024-06-12,2024,Q2,6,Jun,202406,2024-06,2024-06-01,12,30,Wednesday,0,6
20240613,2024-06-13,2024,Q2,6,Jun,202406,2024-06,2024-06-01,13,30,Thursday,0,6
20240614,2024-06-14,2024,Q2,6,Jun,202406,2024-06,2024-06-01,14,30,Friday,0,6
20240615,2024-06-15,2024,Q2,6,Jun,202406,2024-06,2024-06-01,15,30,Saturday,0,6
20240616,2024-06-16,2024,Q2,6,Jun,202406,2024-06,2024-06-01,16,30,Sunday,0,6
20240617,2024-06-17,2024,Q2,6,Jun,202406,2024-06,2024-06-01,17,30,Monday,0,6
20240618,2024-06-18,2024,Q2,6,Jun,202406,2024-06,2024-06-01,18,30,Tuesday,0,6
20240619,2024-06-19,2024,Q2,6,Jun,202406,2024-06,2024-06-01,19,30,Wednesday,0,6
20240620,2024-06-20,2024,Q2,6,Jun,202406,2024-06,2024-06-01,20,30,Thursday,0,6
20240621,2024-06-21,2024,Q2,6,Jun,202406,2024-06,2024-06-01,21,30,Friday,0,6
20240622,2024-06-22,2024,Q2,6,Jun,202406,2024-06,2024-06-01,22,30,Saturday,0,6
20240623,2024-06-23,2024,Q2,6,Jun,202406,2024-06,2024-06-01,23,30,Sunday,0,6
20240624,2024-06-24,2024,Q2,6,Jun,202406,2024-06,2024-06-01,24,30,Monday,0,6
20240625,2024-06-25,2024,Q2,6,Jun,202406,2024-06,2024-06-01,25,30,Tuesday,0,6
20240626,2024-06-26,2024,Q2,6,Jun,202406,2024-06,2024-06-01,26,30,Wednesday,0,6
20240627,2024-06-27,2024,Q2,6,Jun,202406,2024-06,2024-06-01,27,30,Thursday,0,6
20240628,2024-06-28,2024,Q2,6,Jun,202406,2024-06,2024-06-01,28,30,Friday,1,6
20240629,2024-06-29,2024,Q2,6,Jun,202406,2024-06,2024-06-01,29,30,Saturday,1,6
20240630,2024-06-30,2024,Q2,6,Jun,202406,2024-06,2024-06-01,30,30,Sunday,1,6
20240701,2024-07-01,2024,Q3,7,Jul,202407,2024-07,2024-07-01,1,31,Monday,0,7
20240702,2024-07-02,2024,Q3,7,Jul,202407,2024-07,2024-07-01,2,31,Tuesday,0,7
20240703,2024-07-03,2024,Q3,7,Jul,202407,2024-07,2024-07-01,3,31,Wednesday,0,7
20240704,2024-07-04,2024,Q3,7,Jul,202407,2024-07,2024-07-01,4,31,Thursday,0,7
20240705,2024-07-05,2024,Q3,7,Jul,202407,2024-07,2024-07-01,5,31,Friday,0,7
20240706,2024-07-06,2024,Q3,7,Jul,202407,2024-07,2024-07-01,6,31,Saturday,0,7
20240707,2024-07-07,2024,Q3,7,Jul,202407,2024-07,2024-07-01,7,31,Sunday,0,7
20240708,2024-07-08,2024,Q3,7,Jul,202407,2024-07,2024-07-01,8,31,Monday,0,7
20240709,2024-07-09,2024,Q3,7,Jul,202407,2024-07,2024-07-01,9,31,Tuesday,0,7
20240710,2024-07-10,2024,Q3,7,Jul,202407,2024-07,2024-07-01,10,31,Wednesday,0,7
20240711,2024-07-11,2024,Q3,7,Jul,202407,2024-07,2024-07-01,11,31,Thursday,0,7
20240712,2024-07-12,2024,Q3,7,Jul,202407,2024-07,2024-07-01,12,31,Friday,0,7
20240713,2024-07-13,2024,Q3,7,Jul,202407,2024-07,2024-07-01,13,31,Saturday,0,7
20240714,2024-07-14,2024,Q3,7,Jul,202407,2024-07,2024-07-01,14,31,Sunday,0,7
20240715,2024-07-15,2024,Q3,7,Jul,202407,2024-07,2024-07-01,15,31,Monday,0,7
20240716,2024-07-16,2024,Q3,7,Jul,202407,2024-07,2024-07-01,16,31,Tuesday,0,7
20240717,2024-07-17,2024,Q3,7,Jul,202407,2024-07,2024-07-01,17,31,Wednesday,0,7
20240718,2024-07-18,2024,Q3,7,Jul,202407,2024-07,2024-07-01,18,31,Thursday,0,7
20240719,2024-07-19,2024,Q3,7,Jul,202407,2024-07,2024-07-01,19,31,Friday,0,7
20240720,2024-07-20,2024,Q3,7,Jul,202407,2024-07,2024-07-01,20,31,Saturday,0,7
20240721,2024-07-21,2024,Q3,7,Jul,202407,2024-07,2024-07-01,21,31,Sunday,0,7
20240722,2024-07-22,2024,Q3,7,Jul,202407,2024-07,2024-07-01,22,31,Monday,0,7
20240723,2024-07-23,2024,Q3,7,Jul,202407,2024-07,2024-07-01,23,31,Tuesday,0,7
20240724,2024-07-24,2024,Q3,7,Jul,202407,2024-07,2024-07-01,24,31,Wednesday,0,7
20240725,2024-07-25,2024,Q3,7,Jul,202407,2024-07,2024-07-01,25,31,Thursday,0,7
20240726,2024-07-26,2024,Q3,7,Jul,202407,2024-07,2024-07-01,26,31,Friday,0,7
20240727,2024-07-27,2024,Q3,7,Jul,202407,2024-07,2024-07-01,27,31,Saturday,0,7
20240728,2024-07-28,2024,Q3,7,Jul,202407,2024-07,2024-07-01,28,31,Sunday,0,7
20240729,2024-07-29,2024,Q3,7,Jul,202407,2024-07,2024-07-01,29,31,Monday,1,7
20240730,2024-07-30,2024,Q3,7,Jul,202407,2024-07,2024-07-01,30,31,Tuesday,1,7
20240731,2024-07-31,2024,Q3,7,Jul,202407,2024-07,2024-07-01,31,31,Wednesday,1,7
20240801,2024-08-01,2024,Q3,8,Aug,202408,2024-08,2024-08-01,1,31,Thursday,0,8
20240802,2024-08-02,2024,Q3,8,Aug,202408,2024-08,2024-08-01,2,31,Friday,0,8
20240803,2024-08-03,2024,Q3,8,Aug,202408,2024-08,2024-08-01,3,31,Saturday,0,8
20240804,2024-08-04,2024,Q3,8,Aug,202408,2024-08,2024-08-01,4,31,Sunday,0,8
20240805,2024-08-05,2024,Q3,8,Aug,202408,2024-08,2024-08-01,5,31,Monday,0,8
20240806,2024-08-06,2024,Q3,8,Aug,202408,2024-08,2024-08-01,6,31,Tuesday,0,8
20240807,2024-08-07,2024,Q3,8,Aug,202408,2024-08,2024-08-01,7,31,Wednesday,0,8
20240808,2024-08-08,2024,Q3,8,Aug,202408,2024-08,2024-08-01,8,31,Thursday,0,8
20240809,2024-08-09,2024,Q3,8,Aug,202408,2024-08,2024-08-01,9,31,Friday,0,8
20240810,2024-08-10,2024,Q3,8,Aug,202408,2024-08,2024-08-01,10,31,Saturday,0,8
20240811,2024-08-11,2024,Q3,8,Aug,202408,2024-08,2024-08-01,11,31,Sunday,0,8
20240812,2024-08-12,2024,Q3,8,Aug,202408,2024-08,2024-08-01,12,31,Monday,0,8
20240813,2024-08-13,2024,Q3,8,Aug,202408,2024-08,2024-08-01,13,31,Tuesday,0,8
20240814,2024-08-14,2024,Q3,8,Aug,202408,2024-08,2024-08-01,14,31,Wednesday,0,8
20240815,2024-08-15,2024,Q3,8,Aug,202408,2024-08,2024-08-01,15,31,Thursday,0,8
20240816,2024-08-16,2024,Q3,8,Aug,202408,2024-08,2024-08-01,16,31,Friday,0,8
20240817,2024-08-17,2024,Q3,8,Aug,202408,2024-08,2024-08-01,17,31,Saturday,0,8
20240818,2024-08-18,2024,Q3,8,Aug,202408,2024-08,2024-08-01,18,31,Sunday,0,8
20240819,2024-08-19,2024,Q3,8,Aug,202408,2024-08,2024-08-01,19,31,Monday,0,8
20240820,2024-08-20,2024,Q3,8,Aug,202408,2024-08,2024-08-01,20,31,Tuesday,0,8
20240821,2024-08-21,2024,Q3,8,Aug,202408,2024-08,2024-08-01,21,31,Wednesday,0,8
20240822,2024-08-22,2024,Q3,8,Aug,202408,2024-08,2024-08-01,22,31,Thursday,0,8
20240823,2024-08-23,2024,Q3,8,Aug,202408,2024-08,2024-08-01,23,31,Friday,0,8
20240824,2024-08-24,2024,Q3,8,Aug,202408,2024-08,2024-08-01,24,31,Saturday,0,8
20240825,2024-08-25,2024,Q3,8,Aug,202408,2024-08,2024-08-01,25,31,Sunday,0,8
20240826,2024-08-26,2024,Q3,8,Aug,202408,2024-08,2024-08-01,26,31,Monday,0,8
20240827,2024-08-27,2024,Q3,8,Aug,202408,2024-08,2024-08-01,27,31,Tuesday,0,8
20240828,2024-08-28,2024,Q3,8,Aug,202408,2024-08,2024-08-01,28,31,Wednesday,0,8
20240829,2024-08-29,2024,Q3,8,Aug,202408,2024-08,2024-08-01,29,31,Thursday,1,8
20240830,2024-08-30,2024,Q3,8,Aug,202408,2024-08,2024-08-01,30,31,Friday,1,8
20240831,2024-08-31,2024,Q3,8,Aug,202408,2024-08,2024-08-01,31,31,Saturday,1,8
20240901,2024-09-01,2024,Q3,9,Sep,202409,2024-09,2024-09-01,1,30,Sunday,0,9
20240902,2024-09-02,2024,Q3,9,Sep,202409,2024-09,2024-09-01,2,30,Monday,0,9
20240903,2024-09-03,2024,Q3,9,Sep,202409,2024-09,2024-09-01,3,30,Tuesday,0,9
20240904,2024-09-04,2024,Q3,9,Sep,202409,2024-09,2024-09-01,4,30,Wednesday,0,9
20240905,2024-09-05,2024,Q3,9,Sep,202409,2024-09,2024-09-01,5,30,Thursday,0,9
20240906,2024-09-06,2024,Q3,9,Sep,202409,2024-09,2024-09-01,6,30,Friday,0,9
20240907,2024-09-07,2024,Q3,9,Sep,202409,2024-09,2024-09-01,7,30,Saturday,0,9
20240908,2024-09-08,2024,Q3,9,Sep,202409,2024-09,2024-09-01,8,30,Sunday,0,9
20240909,2024-09-09,2024,Q3,9,Sep,202409,2024-09,2024-09-01,9,30,Monday,0,9
20240910,2024-09-10,2024,Q3,9,Sep,202409,2024-09,2024-09-01,10,30,Tuesday,0,9
20240911,2024-09-11,2024,Q3,9,Sep,202409,2024-09,2024-09-01,11,30,Wednesday,0,9
20240912,2024-09-12,2024,Q3,9,Sep,202409,2024-09,2024-09-01,12,30,Thursday,0,9
20240913,2024-09-13,2024,Q3,9,Sep,202409,2024-09,2024-09-01,13,30,Friday,0,9
20240914,2024-09-14,2024,Q3,9,Sep,202409,2024-09,2024-09-01,14,30,Saturday,0,9
20240915,2024-09-15,2024,Q3,9,Sep,202409,2024-09,2024-09-01,15,30,Sunday,0,9
20240916,2024-09-16,2024,Q3,9,Sep,202409,2024-09,2024-09-01,16,30,Monday,0,9
20240917,2024-09-17,2024,Q3,9,Sep,202409,2024-09,2024-09-01,17,30,Tuesday,0,9
20240918,2024-09-18,2024,Q3,9,Sep,202409,2024-09,2024-09-01,18,30,Wednesday,0,9
20240919,2024-09-19,2024,Q3,9,Sep,202409,2024-09,2024-09-01,19,30,Thursday,0,9
20240920,2024-09-20,2024,Q3,9,Sep,202409,2024-09,2024-09-01,20,30,Friday,0,9
20240921,2024-09-21,2024,Q3,9,Sep,202409,2024-09,2024-09-01,21,30,Saturday,0,9
20240922,2024-09-22,2024,Q3,9,Sep,202409,2024-09,2024-09-01,22,30,Sunday,0,9
20240923,2024-09-23,2024,Q3,9,Sep,202409,2024-09,2024-09-01,23,30,Monday,0,9
20240924,2024-09-24,2024,Q3,9,Sep,202409,2024-09,2024-09-01,24,30,Tuesday,0,9
20240925,2024-09-25,2024,Q3,9,Sep,202409,2024-09,2024-09-01,25,30,Wednesday,0,9
20240926,2024-09-26,2024,Q3,9,Sep,202409,2024-09,2024-09-01,26,30,Thursday,0,9
20240927,2024-09-27,2024,Q3,9,Sep,202409,2024-09,2024-09-01,27,30,Friday,0,9
20240928,2024-09-28,2024,Q3,9,Sep,202409,2024-09,2024-09-01,28,30,Saturday,1,9
20240929,2024-09-29,2024,Q3,9,Sep,202409,2024-09,2024-09-01,29,30,Sunday,1,9
20240930,2024-09-30,2024,Q3,9,Sep,202409,2024-09,2024-09-01,30,30,Monday,1,9
20241001,2024-10-01,2024,Q4,10,Oct,202410,2024-10,2024-10-01,1,31,Tuesday,0,10
20241002,2024-10-02,2024,Q4,10,Oct,202410,2024-10,2024-10-01,2,31,Wednesday,0,10
20241003,2024-10-03,2024,Q4,10,Oct,202410,2024-10,2024-10-01,3,31,Thursday,0,10
20241004,2024-10-04,2024,Q4,10,Oct,202410,2024-10,2024-10-01,4,31,Friday,0,10
20241005,2024-10-05,2024,Q4,10,Oct,202410,2024-10,2024-10-01,5,31,Saturday,0,10
20241006,2024-10-06,2024,Q4,10,Oct,202410,2024-10,2024-10-01,6,31,Sunday,0,10
20241007,2024-10-07,2024,Q4,10,Oct,202410,2024-10,2024-10-01,7,31,Monday,0,10
20241008,2024-10-08,2024,Q4,10,Oct,202410,2024-10,2024-10-01,8,31,Tuesday,0,10
20241009,2024-10-09,2024,Q4,10,Oct,202410,2024-10,2024-10-01,9,31,Wednesday,0,10
20241010,2024-10-10,2024,Q4,10,Oct,202410,2024-10,2024-10-01,10,31,Thursday,0,10
20241011,2024-10-11,2024,Q4,10,Oct,202410,2024-10,2024-10-01,11,31,Friday,0,10
20241012,2024-10-12,2024,Q4,10,Oct,202410,2024-10,2024-10-01,12,31,Saturday,0,10
20241013,2024-10-13,2024,Q4,10,Oct,202410,2024-10,2024-10-01,13,31,Sunday,0,10
20241014,2024-10-14,2024,Q4,10,Oct,202410,2024-10,2024-10-01,14,31,Monday,0,10
20241015,2024-10-15,2024,Q4,10,Oct,202410,2024-10,2024-10-01,15,31,Tuesday,0,10
20241016,2024-10-16,2024,Q4,10,Oct,202410,2024-10,2024-10-01,16,31,Wednesday,0,10
20241017,2024-10-17,2024,Q4,10,Oct,202410,2024-10,2024-10-01,17,31,Thursday,0,10
20241018,2024-10-18,2024,Q4,10,Oct,202410,2024-10,2024-10-01,18,31,Friday,0,10
20241019,2024-10-19,2024,Q4,10,Oct,202410,2024-10,2024-10-01,19,31,Saturday,0,10
20241020,2024-10-20,2024,Q4,10,Oct,202410,2024-10,2024-10-01,20,31,Sunday,0,10
20241021,2024-10-21,2024,Q4,10,Oct,202410,2024-10,2024-10-01,21,31,Monday,0,10
20241022,2024-10-22,2024,Q4,10,Oct,202410,2024-10,2024-10-01,22,31,Tuesday,0,10
20241023,2024-10-23,2024,Q4,10,Oct,202410,2024-10,2024-10-01,23,31,Wednesday,0,10
20241024,2024-10-24,2024,Q4,10,Oct,202410,2024-10,2024-10-01,24,31,Thursday,0,10
20241025,2024-10-25,2024,Q4,10,Oct,202410,2024-10,2024-10-01,25,31,Friday,0,10
20241026,2024-10-26,2024,Q4,10,Oct,202410,2024-10,2024-10-01,26,31,Saturday,0,10
20241027,2024-10-27,2024,Q4,10,Oct,202410,2024-10,2024-10-01,27,31,Sunday,0,10
20241028,2024-10-28,2024,Q4,10,Oct,202410,2024-10,2024-10-01,28,31,Monday,0,10
20241029,2024-10-29,2024,Q4,10,Oct,202410,2024-10,2024-10-01,29,31,Tuesday,1,10
20241030,2024-10-30,2024,Q4,10,Oct,202410,2024-10,2024-10-01,30,31,Wednesday,1,10
20241031,2024-10-31,2024,Q4,10,Oct,202410,2024-10,2024-10-01,31,31,Thursday,1,10
20241101,2024-11-01,2024,Q4,11,Nov,202411,2024-11,2024-11-01,1,30,Friday,0,11
20241102,2024-11-02,2024,Q4,11,Nov,202411,2024-11,2024-11-01,2,30,Saturday,0,11
20241103,2024-11-03,2024,Q4,11,Nov,202411,2024-11,2024-11-01,3,30,Sunday,0,11
20241104,2024-11-04,2024,Q4,11,Nov,202411,2024-11,2024-11-01,4,30,Monday,0,11
20241105,2024-11-05,2024,Q4,11,Nov,202411,2024-11,2024-11-01,5,30,Tuesday,0,11
20241106,2024-11-06,2024,Q4,11,Nov,202411,2024-11,2024-11-01,6,30,Wednesday,0,11
20241107,2024-11-07,2024,Q4,11,Nov,202411,2024-11,2024-11-01,7,30,Thursday,0,11
20241108,2024-11-08,2024,Q4,11,Nov,202411,2024-11,2024-11-01,8,30,Friday,0,11
20241109,2024-11-09,2024,Q4,11,Nov,202411,2024-11,2024-11-01,9,30,Saturday,0,11
20241110,2024-11-10,2024,Q4,11,Nov,202411,2024-11,2024-11-01,10,30,Sunday,0,11
20241111,2024-11-11,2024,Q4,11,Nov,202411,2024-11,2024-11-01,11,30,Monday,0,11
20241112,2024-11-12,2024,Q4,11,Nov,202411,2024-11,2024-11-01,12,30,Tuesday,0,11
20241113,2024-11-13,2024,Q4,11,Nov,202411,2024-11,2024-11-01,13,30,Wednesday,0,11
20241114,2024-11-14,2024,Q4,11,Nov,202411,2024-11,2024-11-01,14,30,Thursday,0,11
20241115,2024-11-15,2024,Q4,11,Nov,202411,2024-11,2024-11-01,15,30,Friday,0,11
20241116,2024-11-16,2024,Q4,11,Nov,202411,2024-11,2024-11-01,16,30,Saturday,0,11
20241117,2024-11-17,2024,Q4,11,Nov,202411,2024-11,2024-11-01,17,30,Sunday,0,11
20241118,2024-11-18,2024,Q4,11,Nov,202411,2024-11,2024-11-01,18,30,Monday,0,11
20241119,2024-11-19,2024,Q4,11,Nov,202411,2024-11,2024-11-01,19,30,Tuesday,0,11
20241120,2024-11-20,2024,Q4,11,Nov,202411,2024-11,2024-11-01,20,30,Wednesday,0,11
20241121,2024-11-21,2024,Q4,11,Nov,202411,2024-11,2024-11-01,21,30,Thursday,0,11
20241122,2024-11-22,2024,Q4,11,Nov,202411,2024-11,2024-11-01,22,30,Friday,0,11
20241123,2024-11-23,2024,Q4,11,Nov,202411,2024-11,2024-11-01,23,30,Saturday,0,11
20241124,2024-11-24,2024,Q4,11,Nov,202411,2024-11,2024-11-01,24,30,Sunday,0,11
20241125,2024-11-25,2024,Q4,11,Nov,202411,2024-11,2024-11-01,25,30,Monday,0,11
20241126,2024-11-26,2024,Q4,11,Nov,202411,2024-11,2024-11-01,26,30,Tuesday,0,11
20241127,2024-11-27,2024,Q4,11,Nov,202411,2024-11,2024-11-01,27,30,Wednesday,0,11
20241128,2024-11-28,2024,Q4,11,Nov,202411,2024-11,2024-11-01,28,30,Thursday,1,11
20241129,2024-11-29,2024,Q4,11,Nov,202411,2024-11,2024-11-01,29,30,Friday,1,11
20241130,2024-11-30,2024,Q4,11,Nov,202411,2024-11,2024-11-01,30,30,Saturday,1,11
20241201,2024-12-01,2024,Q4,12,Dec,202412,2024-12,2024-12-01,1,31,Sunday,0,12
20241202,2024-12-02,2024,Q4,12,Dec,202412,2024-12,2024-12-01,2,31,Monday,0,12
20241203,2024-12-03,2024,Q4,12,Dec,202412,2024-12,2024-12-01,3,31,Tuesday,0,12
20241204,2024-12-04,2024,Q4,12,Dec,202412,2024-12,2024-12-01,4,31,Wednesday,0,12
20241205,2024-12-05,2024,Q4,12,Dec,202412,2024-12,2024-12-01,5,31,Thursday,0,12
20241206,2024-12-06,2024,Q4,12,Dec,202412,2024-12,2024-12-01,6,31,Friday,0,12
20241207,2024-12-07,2024,Q4,12,Dec,202412,2024-12,2024-12-01,7,31,Saturday,0,12
20241208,2024-12-08,2024,Q4,12,Dec,202412,2024-12,2024-12-01,8,31,Sunday,0,12
20241209,2024-12-09,2024,Q4,12,Dec,202412,2024-12,2024-12-01,9,31,Monday,0,12
20241210,2024-12-10,2024,Q4,12,Dec,202412,2024-12,2024-12-01,10,31,Tuesday,0,12
20241211,2024-12-11,2024,Q4,12,Dec,202412,2024-12,2024-12-01,11,31,Wednesday,0,12
20241212,2024-12-12,2024,Q4,12,Dec,202412,2024-12,2024-12-01,12,31,Thursday,0,12
20241213,2024-12-13,2024,Q4,12,Dec,202412,2024-12,2024-12-01,13,31,Friday,0,12
20241214,2024-12-14,2024,Q4,12,Dec,202412,2024-12,2024-12-01,14,31,Saturday,0,12
20241215,2024-12-15,2024,Q4,12,Dec,202412,2024-12,2024-12-01,15,31,Sunday,0,12
20241216,2024-12-16,2024,Q4,12,Dec,202412,2024-12,2024-12-01,16,31,Monday,0,12
20241217,2024-12-17,2024,Q4,12,Dec,202412,2024-12,2024-12-01,17,31,Tuesday,0,12
20241218,2024-12-18,2024,Q4,12,Dec,202412,2024-12,2024-12-01,18,31,Wednesday,0,12
20241219,2024-12-19,2024,Q4,12,Dec,202412,2024-12,2024-12-01,19,31,Thursday,0,12
20241220,2024-12-20,2024,Q4,12,Dec,202412,2024-12,2024-12-01,20,31,Friday,0,12
20241221,2024-12-21,2024,Q4,12,Dec,202412,2024-12,2024-12-01,21,31,Saturday,0,12
20241222,2024-12-22,2024,Q4,12,Dec,202412,2024-12,2024-12-01,22,31,Sunday,0,12
20241223,2024-12-23,2024,Q4,12,Dec,202412,2024-12,2024-12-01,23,31,Monday,0,12
20241224,2024-12-24,2024,Q4,12,Dec,202412,2024-12,2024-12-01,24,31,Tuesday,0,12
20241225,2024-12-25,2024,Q4,12,Dec,202412,2024-12,2024-12-01,25,31,Wednesday,0,12
20241226,2024-12-26,2024,Q4,12,Dec,202412,2024-12,2024-12-01,26,31,Thursday,0,12
20241227,2024-12-27,2024,Q4,12,Dec,202412,2024-12,2024-12-01,27,31,Friday,0,12
20241228,2024-12-28,2024,Q4,12,Dec,202412,2024-12,2024-12-01,28,31,Saturday,0,12
20241229,2024-12-29,2024,Q4,12,Dec,202412,2024-12,2024-12-01,29,31,Sunday,1,12
20241230,2024-12-30,2024,Q4,12,Dec,202412,2024-12,2024-12-01,30,31,Monday,1,12
20241231,2024-12-31,2024,Q4,12,Dec,202412,2024-12,2024-12-01,31,31,Tuesday,1,12
20250101,2025-01-01,2025,Q1,1,Jan,202501,2025-01,2025-01-01,1,31,Wednesday,0,13
20250102,2025-01-02,2025,Q1,1,Jan,202501,2025-01,2025-01-01,2,31,Thursday,0,13
20250103,2025-01-03,2025,Q1,1,Jan,202501,2025-01,2025-01-01,3,31,Friday,0,13
20250104,2025-01-04,2025,Q1,1,Jan,202501,2025-01,2025-01-01,4,31,Saturday,0,13
20250105,2025-01-05,2025,Q1,1,Jan,202501,2025-01,2025-01-01,5,31,Sunday,0,13
20250106,2025-01-06,2025,Q1,1,Jan,202501,2025-01,2025-01-01,6,31,Monday,0,13
20250107,2025-01-07,2025,Q1,1,Jan,202501,2025-01,2025-01-01,7,31,Tuesday,0,13
20250108,2025-01-08,2025,Q1,1,Jan,202501,2025-01,2025-01-01,8,31,Wednesday,0,13
20250109,2025-01-09,2025,Q1,1,Jan,202501,2025-01,2025-01-01,9,31,Thursday,0,13
20250110,2025-01-10,2025,Q1,1,Jan,202501,2025-01,2025-01-01,10,31,Friday,0,13
20250111,2025-01-11,2025,Q1,1,Jan,202501,2025-01,2025-01-01,11,31,Saturday,0,13
20250112,2025-01-12,2025,Q1,1,Jan,202501,2025-01,2025-01-01,12,31,Sunday,0,13
20250113,2025-01-13,2025,Q1,1,Jan,202501,2025-01,2025-01-01,13,31,Monday,0,13
20250114,2025-01-14,2025,Q1,1,Jan,202501,2025-01,2025-01-01,14,31,Tuesday,0,13
20250115,2025-01-15,2025,Q1,1,Jan,202501,2025-01,2025-01-01,15,31,Wednesday,0,13
20250116,2025-01-16,2025,Q1,1,Jan,202501,2025-01,2025-01-01,16,31,Thursday,0,13
20250117,2025-01-17,2025,Q1,1,Jan,202501,2025-01,2025-01-01,17,31,Friday,0,13
20250118,2025-01-18,2025,Q1,1,Jan,202501,2025-01,2025-01-01,18,31,Saturday,0,13
20250119,2025-01-19,2025,Q1,1,Jan,202501,2025-01,2025-01-01,19,31,Sunday,0,13
20250120,2025-01-20,2025,Q1,1,Jan,202501,2025-01,2025-01-01,20,31,Monday,0,13
20250121,2025-01-21,2025,Q1,1,Jan,202501,2025-01,2025-01-01,21,31,Tuesday,0,13
20250122,2025-01-22,2025,Q1,1,Jan,202501,2025-01,2025-01-01,22,31,Wednesday,0,13
20250123,2025-01-23,2025,Q1,1,Jan,202501,2025-01,2025-01-01,23,31,Thursday,0,13
20250124,2025-01-24,2025,Q1,1,Jan,202501,2025-01,2025-01-01,24,31,Friday,0,13
20250125,2025-01-25,2025,Q1,1,Jan,202501,2025-01,2025-01-01,25,31,Saturday,0,13
20250126,2025-01-26,2025,Q1,1,Jan,202501,2025-01,2025-01-01,26,31,Sunday,0,13
20250127,2025-01-27,2025,Q1,1,Jan,202501,2025-01,2025-01-01,27,31,Monday,0,13
20250128,2025-01-28,2025,Q1,1,Jan,202501,2025-01,2025-01-01,28,31,Tuesday,0,13
20250129,2025-01-29,2025,Q1,1,Jan,202501,2025-01,2025-01-01,29,31,Wednesday,1,13
20250130,2025-01-30,2025,Q1,1,Jan,202501,2025-01,2025-01-01,30,31,Thursday,1,13
20250131,2025-01-31,2025,Q1,1,Jan,202501,2025-01,2025-01-01,31,31,Friday,1,13
20250201,2025-02-01,2025,Q1,2,Feb,202502,2025-02,2025-02-01,1,28,Saturday,0,14
20250202,2025-02-02,2025,Q1,2,Feb,202502,2025-02,2025-02-01,2,28,Sunday,0,14
20250203,2025-02-03,2025,Q1,2,Feb,202502,2025-02,2025-02-01,3,28,Monday,0,14
20250204,2025-02-04,2025,Q1,2,Feb,202502,2025-02,2025-02-01,4,28,Tuesday,0,14
20250205,2025-02-05,2025,Q1,2,Feb,202502,2025-02,2025-02-01,5,28,Wednesday,0,14
20250206,2025-02-06,2025,Q1,2,Feb,202502,2025-02,2025-02-01,6,28,Thursday,0,14
20250207,2025-02-07,2025,Q1,2,Feb,202502,2025-02,2025-02-01,7,28,Friday,0,14
20250208,2025-02-08,2025,Q1,2,Feb,202502,2025-02,2025-02-01,8,28,Saturday,0,14
20250209,2025-02-09,2025,Q1,2,Feb,202502,2025-02,2025-02-01,9,28,Sunday,0,14
20250210,2025-02-10,2025,Q1,2,Feb,202502,2025-02,2025-02-01,10,28,Monday,0,14
20250211,2025-02-11,2025,Q1,2,Feb,202502,2025-02,2025-02-01,11,28,Tuesday,0,14
20250212,2025-02-12,2025,Q1,2,Feb,202502,2025-02,2025-02-01,12,28,Wednesday,0,14
20250213,2025-02-13,2025,Q1,2,Feb,202502,2025-02,2025-02-01,13,28,Thursday,0,14
20250214,2025-02-14,2025,Q1,2,Feb,202502,2025-02,2025-02-01,14,28,Friday,0,14
20250215,2025-02-15,2025,Q1,2,Feb,202502,2025-02,2025-02-01,15,28,Saturday,0,14
20250216,2025-02-16,2025,Q1,2,Feb,202502,2025-02,2025-02-01,16,28,Sunday,0,14
20250217,2025-02-17,2025,Q1,2,Feb,202502,2025-02,2025-02-01,17,28,Monday,0,14
20250218,2025-02-18,2025,Q1,2,Feb,202502,2025-02,2025-02-01,18,28,Tuesday,0,14
20250219,2025-02-19,2025,Q1,2,Feb,202502,2025-02,2025-02-01,19,28,Wednesday,0,14
20250220,2025-02-20,2025,Q1,2,Feb,202502,2025-02,2025-02-01,20,28,Thursday,0,14
20250221,2025-02-21,2025,Q1,2,Feb,202502,2025-02,2025-02-01,21,28,Friday,0,14
20250222,2025-02-22,2025,Q1,2,Feb,202502,2025-02,2025-02-01,22,28,Saturday,0,14
20250223,2025-02-23,2025,Q1,2,Feb,202502,2025-02,2025-02-01,23,28,Sunday,0,14
20250224,2025-02-24,2025,Q1,2,Feb,202502,2025-02,2025-02-01,24,28,Monday,0,14
20250225,2025-02-25,2025,Q1,2,Feb,202502,2025-02,2025-02-01,25,28,Tuesday,0,14
20250226,2025-02-26,2025,Q1,2,Feb,202502,2025-02,2025-02-01,26,28,Wednesday,1,14
20250227,2025-02-27,2025,Q1,2,Feb,202502,2025-02,2025-02-01,27,28,Thursday,1,14
20250228,2025-02-28,2025,Q1,2,Feb,202502,2025-02,2025-02-01,28,28,Friday,1,14
20250301,2025-03-01,2025,Q1,3,Mar,202503,2025-03,2025-03-01,1,31,Saturday,0,15
20250302,2025-03-02,2025,Q1,3,Mar,202503,2025-03,2025-03-01,2,31,Sunday,0,15
20250303,2025-03-03,2025,Q1,3,Mar,202503,2025-03,2025-03-01,3,31,Monday,0,15
20250304,2025-03-04,2025,Q1,3,Mar,202503,2025-03,2025-03-01,4,31,Tuesday,0,15
20250305,2025-03-05,2025,Q1,3,Mar,202503,2025-03,2025-03-01,5,31,Wednesday,0,15
20250306,2025-03-06,2025,Q1,3,Mar,202503,2025-03,2025-03-01,6,31,Thursday,0,15
20250307,2025-03-07,2025,Q1,3,Mar,202503,2025-03,2025-03-01,7,31,Friday,0,15
20250308,2025-03-08,2025,Q1,3,Mar,202503,2025-03,2025-03-01,8,31,Saturday,0,15
20250309,2025-03-09,2025,Q1,3,Mar,202503,2025-03,2025-03-01,9,31,Sunday,0,15
20250310,2025-03-10,2025,Q1,3,Mar,202503,2025-03,2025-03-01,10,31,Monday,0,15
20250311,2025-03-11,2025,Q1,3,Mar,202503,2025-03,2025-03-01,11,31,Tuesday,0,15
20250312,2025-03-12,2025,Q1,3,Mar,202503,2025-03,2025-03-01,12,31,Wednesday,0,15
20250313,2025-03-13,2025,Q1,3,Mar,202503,2025-03,2025-03-01,13,31,Thursday,0,15
20250314,2025-03-14,2025,Q1,3,Mar,202503,2025-03,2025-03-01,14,31,Friday,0,15
20250315,2025-03-15,2025,Q1,3,Mar,202503,2025-03,2025-03-01,15,31,Saturday,0,15
20250316,2025-03-16,2025,Q1,3,Mar,202503,2025-03,2025-03-01,16,31,Sunday,0,15
20250317,2025-03-17,2025,Q1,3,Mar,202503,2025-03,2025-03-01,17,31,Monday,0,15
20250318,2025-03-18,2025,Q1,3,Mar,202503,2025-03,2025-03-01,18,31,Tuesday,0,15
20250319,2025-03-19,2025,Q1,3,Mar,202503,2025-03,2025-03-01,19,31,Wednesday,0,15
20250320,2025-03-20,2025,Q1,3,Mar,202503,2025-03,2025-03-01,20,31,Thursday,0,15
20250321,2025-03-21,2025,Q1,3,Mar,202503,2025-03,2025-03-01,21,31,Friday,0,15
20250322,2025-03-22,2025,Q1,3,Mar,202503,2025-03,2025-03-01,22,31,Saturday,0,15
20250323,2025-03-23,2025,Q1,3,Mar,202503,2025-03,2025-03-01,23,31,Sunday,0,15
20250324,2025-03-24,2025,Q1,3,Mar,202503,2025-03,2025-03-01,24,31,Monday,0,15
20250325,2025-03-25,2025,Q1,3,Mar,202503,2025-03,2025-03-01,25,31,Tuesday,0,15
20250326,2025-03-26,2025,Q1,3,Mar,202503,2025-03,2025-03-01,26,31,Wednesday,0,15
20250327,2025-03-27,2025,Q1,3,Mar,202503,2025-03,2025-03-01,27,31,Thursday,0,15
20250328,2025-03-28,2025,Q1,3,Mar,202503,2025-03,2025-03-01,28,31,Friday,0,15
20250329,2025-03-29,2025,Q1,3,Mar,202503,2025-03,2025-03-01,29,31,Saturday,1,15
20250330,2025-03-30,2025,Q1,3,Mar,202503,2025-03,2025-03-01,30,31,Sunday,1,15
20250331,2025-03-31,2025,Q1,3,Mar,202503,2025-03,2025-03-01,31,31,Monday,1,15
20250401,2025-04-01,2025,Q2,4,Apr,202504,2025-04,2025-04-01,1,30,Tuesday,0,16
20250402,2025-04-02,2025,Q2,4,Apr,202504,2025-04,2025-04-01,2,30,Wednesday,0,16
20250403,2025-04-03,2025,Q2,4,Apr,202504,2025-04,2025-04-01,3,30,Thursday,0,16
20250404,2025-04-04,2025,Q2,4,Apr,202504,2025-04,2025-04-01,4,30,Friday,0,16
20250405,2025-04-05,2025,Q2,4,Apr,202504,2025-04,2025-04-01,5,30,Saturday,0,16
20250406,2025-04-06,2025,Q2,4,Apr,202504,2025-04,2025-04-01,6,30,Sunday,0,16
20250407,2025-04-07,2025,Q2,4,Apr,202504,2025-04,2025-04-01,7,30,Monday,0,16
20250408,2025-04-08,2025,Q2,4,Apr,202504,2025-04,2025-04-01,8,30,Tuesday,0,16
20250409,2025-04-09,2025,Q2,4,Apr,202504,2025-04,2025-04-01,9,30,Wednesday,0,16
20250410,2025-04-10,2025,Q2,4,Apr,202504,2025-04,2025-04-01,10,30,Thursday,0,16
20250411,2025-04-11,2025,Q2,4,Apr,202504,2025-04,2025-04-01,11,30,Friday,0,16
20250412,2025-04-12,2025,Q2,4,Apr,202504,2025-04,2025-04-01,12,30,Saturday,0,16
20250413,2025-04-13,2025,Q2,4,Apr,202504,2025-04,2025-04-01,13,30,Sunday,0,16
20250414,2025-04-14,2025,Q2,4,Apr,202504,2025-04,2025-04-01,14,30,Monday,0,16
20250415,2025-04-15,2025,Q2,4,Apr,202504,2025-04,2025-04-01,15,30,Tuesday,0,16
20250416,2025-04-16,2025,Q2,4,Apr,202504,2025-04,2025-04-01,16,30,Wednesday,0,16
20250417,2025-04-17,2025,Q2,4,Apr,202504,2025-04,2025-04-01,17,30,Thursday,0,16
20250418,2025-04-18,2025,Q2,4,Apr,202504,2025-04,2025-04-01,18,30,Friday,0,16
20250419,2025-04-19,2025,Q2,4,Apr,202504,2025-04,2025-04-01,19,30,Saturday,0,16
20250420,2025-04-20,2025,Q2,4,Apr,202504,2025-04,2025-04-01,20,30,Sunday,0,16
20250421,2025-04-21,2025,Q2,4,Apr,202504,2025-04,2025-04-01,21,30,Monday,0,16
20250422,2025-04-22,2025,Q2,4,Apr,202504,2025-04,2025-04-01,22,30,Tuesday,0,16
20250423,2025-04-23,2025,Q2,4,Apr,202504,2025-04,2025-04-01,23,30,Wednesday,0,16
20250424,2025-04-24,2025,Q2,4,Apr,202504,2025-04,2025-04-01,24,30,Thursday,0,16
20250425,2025-04-25,2025,Q2,4,Apr,202504,2025-04,2025-04-01,25,30,Friday,0,16
20250426,2025-04-26,2025,Q2,4,Apr,202504,2025-04,2025-04-01,26,30,Saturday,0,16
20250427,2025-04-27,2025,Q2,4,Apr,202504,2025-04,2025-04-01,27,30,Sunday,0,16
20250428,2025-04-28,2025,Q2,4,Apr,202504,2025-04,2025-04-01,28,30,Monday,1,16
20250429,2025-04-29,2025,Q2,4,Apr,202504,2025-04,2025-04-01,29,30,Tuesday,1,16
20250430,2025-04-30,2025,Q2,4,Apr,202504,2025-04,2025-04-01,30,30,Wednesday,1,16
20250501,2025-05-01,2025,Q2,5,May,202505,2025-05,2025-05-01,1,31,Thursday,0,17
20250502,2025-05-02,2025,Q2,5,May,202505,2025-05,2025-05-01,2,31,Friday,0,17
20250503,2025-05-03,2025,Q2,5,May,202505,2025-05,2025-05-01,3,31,Saturday,0,17
20250504,2025-05-04,2025,Q2,5,May,202505,2025-05,2025-05-01,4,31,Sunday,0,17
20250505,2025-05-05,2025,Q2,5,May,202505,2025-05,2025-05-01,5,31,Monday,0,17
20250506,2025-05-06,2025,Q2,5,May,202505,2025-05,2025-05-01,6,31,Tuesday,0,17
20250507,2025-05-07,2025,Q2,5,May,202505,2025-05,2025-05-01,7,31,Wednesday,0,17
20250508,2025-05-08,2025,Q2,5,May,202505,2025-05,2025-05-01,8,31,Thursday,0,17
20250509,2025-05-09,2025,Q2,5,May,202505,2025-05,2025-05-01,9,31,Friday,0,17
20250510,2025-05-10,2025,Q2,5,May,202505,2025-05,2025-05-01,10,31,Saturday,0,17
20250511,2025-05-11,2025,Q2,5,May,202505,2025-05,2025-05-01,11,31,Sunday,0,17
20250512,2025-05-12,2025,Q2,5,May,202505,2025-05,2025-05-01,12,31,Monday,0,17
20250513,2025-05-13,2025,Q2,5,May,202505,2025-05,2025-05-01,13,31,Tuesday,0,17
20250514,2025-05-14,2025,Q2,5,May,202505,2025-05,2025-05-01,14,31,Wednesday,0,17
20250515,2025-05-15,2025,Q2,5,May,202505,2025-05,2025-05-01,15,31,Thursday,0,17
20250516,2025-05-16,2025,Q2,5,May,202505,2025-05,2025-05-01,16,31,Friday,0,17
20250517,2025-05-17,2025,Q2,5,May,202505,2025-05,2025-05-01,17,31,Saturday,0,17
20250518,2025-05-18,2025,Q2,5,May,202505,2025-05,2025-05-01,18,31,Sunday,0,17
20250519,2025-05-19,2025,Q2,5,May,202505,2025-05,2025-05-01,19,31,Monday,0,17
20250520,2025-05-20,2025,Q2,5,May,202505,2025-05,2025-05-01,20,31,Tuesday,0,17
20250521,2025-05-21,2025,Q2,5,May,202505,2025-05,2025-05-01,21,31,Wednesday,0,17
20250522,2025-05-22,2025,Q2,5,May,202505,2025-05,2025-05-01,22,31,Thursday,0,17
20250523,2025-05-23,2025,Q2,5,May,202505,2025-05,2025-05-01,23,31,Friday,0,17
20250524,2025-05-24,2025,Q2,5,May,202505,2025-05,2025-05-01,24,31,Saturday,0,17
20250525,2025-05-25,2025,Q2,5,May,202505,2025-05,2025-05-01,25,31,Sunday,0,17
20250526,2025-05-26,2025,Q2,5,May,202505,2025-05,2025-05-01,26,31,Monday,0,17
20250527,2025-05-27,2025,Q2,5,May,202505,2025-05,2025-05-01,27,31,Tuesday,0,17
20250528,2025-05-28,2025,Q2,5,May,202505,2025-05,2025-05-01,28,31,Wednesday,0,17
20250529,2025-05-29,2025,Q2,5,May,202505,2025-05,2025-05-01,29,31,Thursday,1,17
20250530,2025-05-30,2025,Q2,5,May,202505,2025-05,2025-05-01,30,31,Friday,1,17
20250531,2025-05-31,2025,Q2,5,May,202505,2025-05,2025-05-01,31,31,Saturday,1,17
20250601,2025-06-01,2025,Q2,6,Jun,202506,2025-06,2025-06-01,1,30,Sunday,0,18
20250602,2025-06-02,2025,Q2,6,Jun,202506,2025-06,2025-06-01,2,30,Monday,0,18
20250603,2025-06-03,2025,Q2,6,Jun,202506,2025-06,2025-06-01,3,30,Tuesday,0,18
20250604,2025-06-04,2025,Q2,6,Jun,202506,2025-06,2025-06-01,4,30,Wednesday,0,18
20250605,2025-06-05,2025,Q2,6,Jun,202506,2025-06,2025-06-01,5,30,Thursday,0,18
20250606,2025-06-06,2025,Q2,6,Jun,202506,2025-06,2025-06-01,6,30,Friday,0,18
20250607,2025-06-07,2025,Q2,6,Jun,202506,2025-06,2025-06-01,7,30,Saturday,0,18
20250608,2025-06-08,2025,Q2,6,Jun,202506,2025-06,2025-06-01,8,30,Sunday,0,18
20250609,2025-06-09,2025,Q2,6,Jun,202506,2025-06,2025-06-01,9,30,Monday,0,18
20250610,2025-06-10,2025,Q2,6,Jun,202506,2025-06,2025-06-01,10,30,Tuesday,0,18
20250611,2025-06-11,2025,Q2,6,Jun,202506,2025-06,2025-06-01,11,30,Wednesday,0,18
20250612,2025-06-12,2025,Q2,6,Jun,202506,2025-06,2025-06-01,12,30,Thursday,0,18
20250613,2025-06-13,2025,Q2,6,Jun,202506,2025-06,2025-06-01,13,30,Friday,0,18
20250614,2025-06-14,2025,Q2,6,Jun,202506,2025-06,2025-06-01,14,30,Saturday,0,18
20250615,2025-06-15,2025,Q2,6,Jun,202506,2025-06,2025-06-01,15,30,Sunday,0,18
20250616,2025-06-16,2025,Q2,6,Jun,202506,2025-06,2025-06-01,16,30,Monday,0,18
20250617,2025-06-17,2025,Q2,6,Jun,202506,2025-06,2025-06-01,17,30,Tuesday,0,18
20250618,2025-06-18,2025,Q2,6,Jun,202506,2025-06,2025-06-01,18,30,Wednesday,0,18
20250619,2025-06-19,2025,Q2,6,Jun,202506,2025-06,2025-06-01,19,30,Thursday,0,18
20250620,2025-06-20,2025,Q2,6,Jun,202506,2025-06,2025-06-01,20,30,Friday,0,18
20250621,2025-06-21,2025,Q2,6,Jun,202506,2025-06,2025-06-01,21,30,Saturday,0,18
20250622,2025-06-22,2025,Q2,6,Jun,202506,2025-06,2025-06-01,22,30,Sunday,0,18
20250623,2025-06-23,2025,Q2,6,Jun,202506,2025-06,2025-06-01,23,30,Monday,0,18
20250624,2025-06-24,2025,Q2,6,Jun,202506,2025-06,2025-06-01,24,30,Tuesday,0,18
20250625,2025-06-25,2025,Q2,6,Jun,202506,2025-06,2025-06-01,25,30,Wednesday,0,18
20250626,2025-06-26,2025,Q2,6,Jun,202506,2025-06,2025-06-01,26,30,Thursday,0,18
20250627,2025-06-27,2025,Q2,6,Jun,202506,2025-06,2025-06-01,27,30,Friday,0,18
20250628,2025-06-28,2025,Q2,6,Jun,202506,2025-06,2025-06-01,28,30,Saturday,1,18
20250629,2025-06-29,2025,Q2,6,Jun,202506,2025-06,2025-06-01,29,30,Sunday,1,18
20250630,2025-06-30,2025,Q2,6,Jun,202506,2025-06,2025-06-01,30,30,Monday,1,18
20250701,2025-07-01,2025,Q3,7,Jul,202507,2025-07,2025-07-01,1,31,Tuesday,0,19
20250702,2025-07-02,2025,Q3,7,Jul,202507,2025-07,2025-07-01,2,31,Wednesday,0,19
20250703,2025-07-03,2025,Q3,7,Jul,202507,2025-07,2025-07-01,3,31,Thursday,0,19
20250704,2025-07-04,2025,Q3,7,Jul,202507,2025-07,2025-07-01,4,31,Friday,0,19
20250705,2025-07-05,2025,Q3,7,Jul,202507,2025-07,2025-07-01,5,31,Saturday,0,19
20250706,2025-07-06,2025,Q3,7,Jul,202507,2025-07,2025-07-01,6,31,Sunday,0,19
20250707,2025-07-07,2025,Q3,7,Jul,202507,2025-07,2025-07-01,7,31,Monday,0,19
20250708,2025-07-08,2025,Q3,7,Jul,202507,2025-07,2025-07-01,8,31,Tuesday,0,19
20250709,2025-07-09,2025,Q3,7,Jul,202507,2025-07,2025-07-01,9,31,Wednesday,0,19
20250710,2025-07-10,2025,Q3,7,Jul,202507,2025-07,2025-07-01,10,31,Thursday,0,19
20250711,2025-07-11,2025,Q3,7,Jul,202507,2025-07,2025-07-01,11,31,Friday,0,19
20250712,2025-07-12,2025,Q3,7,Jul,202507,2025-07,2025-07-01,12,31,Saturday,0,19
20250713,2025-07-13,2025,Q3,7,Jul,202507,2025-07,2025-07-01,13,31,Sunday,0,19
20250714,2025-07-14,2025,Q3,7,Jul,202507,2025-07,2025-07-01,14,31,Monday,0,19
20250715,2025-07-15,2025,Q3,7,Jul,202507,2025-07,2025-07-01,15,31,Tuesday,0,19
20250716,2025-07-16,2025,Q3,7,Jul,202507,2025-07,2025-07-01,16,31,Wednesday,0,19
20250717,2025-07-17,2025,Q3,7,Jul,202507,2025-07,2025-07-01,17,31,Thursday,0,19
20250718,2025-07-18,2025,Q3,7,Jul,202507,2025-07,2025-07-01,18,31,Friday,0,19
20250719,2025-07-19,2025,Q3,7,Jul,202507,2025-07,2025-07-01,19,31,Saturday,0,19
20250720,2025-07-20,2025,Q3,7,Jul,202507,2025-07,2025-07-01,20,31,Sunday,0,19
20250721,2025-07-21,2025,Q3,7,Jul,202507,2025-07,2025-07-01,21,31,Monday,0,19
20250722,2025-07-22,2025,Q3,7,Jul,202507,2025-07,2025-07-01,22,31,Tuesday,0,19
20250723,2025-07-23,2025,Q3,7,Jul,202507,2025-07,2025-07-01,23,31,Wednesday,0,19
20250724,2025-07-24,2025,Q3,7,Jul,202507,2025-07,2025-07-01,24,31,Thursday,0,19
20250725,2025-07-25,2025,Q3,7,Jul,202507,2025-07,2025-07-01,25,31,Friday,0,19
20250726,2025-07-26,2025,Q3,7,Jul,202507,2025-07,2025-07-01,26,31,Saturday,0,19
20250727,2025-07-27,2025,Q3,7,Jul,202507,2025-07,2025-07-01,27,31,Sunday,0,19
20250728,2025-07-28,2025,Q3,7,Jul,202507,2025-07,2025-07-01,28,31,Monday,0,19
20250729,2025-07-29,2025,Q3,7,Jul,202507,2025-07,2025-07-01,29,31,Tuesday,1,19
20250730,2025-07-30,2025,Q3,7,Jul,202507,2025-07,2025-07-01,30,31,Wednesday,1,19
20250731,2025-07-31,2025,Q3,7,Jul,202507,2025-07,2025-07-01,31,31,Thursday,1,19
20250801,2025-08-01,2025,Q3,8,Aug,202508,2025-08,2025-08-01,1,31,Friday,0,20
20250802,2025-08-02,2025,Q3,8,Aug,202508,2025-08,2025-08-01,2,31,Saturday,0,20
20250803,2025-08-03,2025,Q3,8,Aug,202508,2025-08,2025-08-01,3,31,Sunday,0,20
20250804,2025-08-04,2025,Q3,8,Aug,202508,2025-08,2025-08-01,4,31,Monday,0,20
20250805,2025-08-05,2025,Q3,8,Aug,202508,2025-08,2025-08-01,5,31,Tuesday,0,20
20250806,2025-08-06,2025,Q3,8,Aug,202508,2025-08,2025-08-01,6,31,Wednesday,0,20
20250807,2025-08-07,2025,Q3,8,Aug,202508,2025-08,2025-08-01,7,31,Thursday,0,20
20250808,2025-08-08,2025,Q3,8,Aug,202508,2025-08,2025-08-01,8,31,Friday,0,20
20250809,2025-08-09,2025,Q3,8,Aug,202508,2025-08,2025-08-01,9,31,Saturday,0,20
20250810,2025-08-10,2025,Q3,8,Aug,202508,2025-08,2025-08-01,10,31,Sunday,0,20
20250811,2025-08-11,2025,Q3,8,Aug,202508,2025-08,2025-08-01,11,31,Monday,0,20
20250812,2025-08-12,2025,Q3,8,Aug,202508,2025-08,2025-08-01,12,31,Tuesday,0,20
20250813,2025-08-13,2025,Q3,8,Aug,202508,2025-08,2025-08-01,13,31,Wednesday,0,20
20250814,2025-08-14,2025,Q3,8,Aug,202508,2025-08,2025-08-01,14,31,Thursday,0,20
20250815,2025-08-15,2025,Q3,8,Aug,202508,2025-08,2025-08-01,15,31,Friday,0,20
20250816,2025-08-16,2025,Q3,8,Aug,202508,2025-08,2025-08-01,16,31,Saturday,0,20
20250817,2025-08-17,2025,Q3,8,Aug,202508,2025-08,2025-08-01,17,31,Sunday,0,20
20250818,2025-08-18,2025,Q3,8,Aug,202508,2025-08,2025-08-01,18,31,Monday,0,20
20250819,2025-08-19,2025,Q3,8,Aug,202508,2025-08,2025-08-01,19,31,Tuesday,0,20
20250820,2025-08-20,2025,Q3,8,Aug,202508,2025-08,2025-08-01,20,31,Wednesday,0,20
20250821,2025-08-21,2025,Q3,8,Aug,202508,2025-08,2025-08-01,21,31,Thursday,0,20
20250822,2025-08-22,2025,Q3,8,Aug,202508,2025-08,2025-08-01,22,31,Friday,0,20
20250823,2025-08-23,2025,Q3,8,Aug,202508,2025-08,2025-08-01,23,31,Saturday,0,20
20250824,2025-08-24,2025,Q3,8,Aug,202508,2025-08,2025-08-01,24,31,Sunday,0,20
20250825,2025-08-25,2025,Q3,8,Aug,202508,2025-08,2025-08-01,25,31,Monday,0,20
20250826,2025-08-26,2025,Q3,8,Aug,202508,2025-08,2025-08-01,26,31,Tuesday,0,20
20250827,2025-08-27,2025,Q3,8,Aug,202508,2025-08,2025-08-01,27,31,Wednesday,0,20
20250828,2025-08-28,2025,Q3,8,Aug,202508,2025-08,2025-08-01,28,31,Thursday,0,20
20250829,2025-08-29,2025,Q3,8,Aug,202508,2025-08,2025-08-01,29,31,Friday,1,20
20250830,2025-08-30,2025,Q3,8,Aug,202508,2025-08,2025-08-01,30,31,Saturday,1,20
20250831,2025-08-31,2025,Q3,8,Aug,202508,2025-08,2025-08-01,31,31,Sunday,1,20
20250901,2025-09-01,2025,Q3,9,Sep,202509,2025-09,2025-09-01,1,30,Monday,0,21
20250902,2025-09-02,2025,Q3,9,Sep,202509,2025-09,2025-09-01,2,30,Tuesday,0,21
20250903,2025-09-03,2025,Q3,9,Sep,202509,2025-09,2025-09-01,3,30,Wednesday,0,21
20250904,2025-09-04,2025,Q3,9,Sep,202509,2025-09,2025-09-01,4,30,Thursday,0,21
20250905,2025-09-05,2025,Q3,9,Sep,202509,2025-09,2025-09-01,5,30,Friday,0,21
20250906,2025-09-06,2025,Q3,9,Sep,202509,2025-09,2025-09-01,6,30,Saturday,0,21
20250907,2025-09-07,2025,Q3,9,Sep,202509,2025-09,2025-09-01,7,30,Sunday,0,21
20250908,2025-09-08,2025,Q3,9,Sep,202509,2025-09,2025-09-01,8,30,Monday,0,21
20250909,2025-09-09,2025,Q3,9,Sep,202509,2025-09,2025-09-01,9,30,Tuesday,0,21
20250910,2025-09-10,2025,Q3,9,Sep,202509,2025-09,2025-09-01,10,30,Wednesday,0,21
20250911,2025-09-11,2025,Q3,9,Sep,202509,2025-09,2025-09-01,11,30,Thursday,0,21
20250912,2025-09-12,2025,Q3,9,Sep,202509,2025-09,2025-09-01,12,30,Friday,0,21
20250913,2025-09-13,2025,Q3,9,Sep,202509,2025-09,2025-09-01,13,30,Saturday,0,21
20250914,2025-09-14,2025,Q3,9,Sep,202509,2025-09,2025-09-01,14,30,Sunday,0,21
20250915,2025-09-15,2025,Q3,9,Sep,202509,2025-09,2025-09-01,15,30,Monday,0,21
20250916,2025-09-16,2025,Q3,9,Sep,202509,2025-09,2025-09-01,16,30,Tuesday,0,21
20250917,2025-09-17,2025,Q3,9,Sep,202509,2025-09,2025-09-01,17,30,Wednesday,0,21
20250918,2025-09-18,2025,Q3,9,Sep,202509,2025-09,2025-09-01,18,30,Thursday,0,21
20250919,2025-09-19,2025,Q3,9,Sep,202509,2025-09,2025-09-01,19,30,Friday,0,21
20250920,2025-09-20,2025,Q3,9,Sep,202509,2025-09,2025-09-01,20,30,Saturday,0,21
20250921,2025-09-21,2025,Q3,9,Sep,202509,2025-09,2025-09-01,21,30,Sunday,0,21
20250922,2025-09-22,2025,Q3,9,Sep,202509,2025-09,2025-09-01,22,30,Monday,0,21
20250923,2025-09-23,2025,Q3,9,Sep,202509,2025-09,2025-09-01,23,30,Tuesday,0,21
20250924,2025-09-24,2025,Q3,9,Sep,202509,2025-09,2025-09-01,24,30,Wednesday,0,21
20250925,2025-09-25,2025,Q3,9,Sep,202509,2025-09,2025-09-01,25,30,Thursday,0,21
20250926,2025-09-26,2025,Q3,9,Sep,202509,2025-09,2025-09-01,26,30,Friday,0,21
20250927,2025-09-27,2025,Q3,9,Sep,202509,2025-09,2025-09-01,27,30,Saturday,0,21
20250928,2025-09-28,2025,Q3,9,Sep,202509,2025-09,2025-09-01,28,30,Sunday,1,21
20250929,2025-09-29,2025,Q3,9,Sep,202509,2025-09,2025-09-01,29,30,Monday,1,21
20250930,2025-09-30,2025,Q3,9,Sep,202509,2025-09,2025-09-01,30,30,Tuesday,1,21
20251001,2025-10-01,2025,Q4,10,Oct,202510,2025-10,2025-10-01,1,31,Wednesday,0,22
20251002,2025-10-02,2025,Q4,10,Oct,202510,2025-10,2025-10-01,2,31,Thursday,0,22
20251003,2025-10-03,2025,Q4,10,Oct,202510,2025-10,2025-10-01,3,31,Friday,0,22
20251004,2025-10-04,2025,Q4,10,Oct,202510,2025-10,2025-10-01,4,31,Saturday,0,22
20251005,2025-10-05,2025,Q4,10,Oct,202510,2025-10,2025-10-01,5,31,Sunday,0,22
20251006,2025-10-06,2025,Q4,10,Oct,202510,2025-10,2025-10-01,6,31,Monday,0,22
20251007,2025-10-07,2025,Q4,10,Oct,202510,2025-10,2025-10-01,7,31,Tuesday,0,22
20251008,2025-10-08,2025,Q4,10,Oct,202510,2025-10,2025-10-01,8,31,Wednesday,0,22
20251009,2025-10-09,2025,Q4,10,Oct,202510,2025-10,2025-10-01,9,31,Thursday,0,22
20251010,2025-10-10,2025,Q4,10,Oct,202510,2025-10,2025-10-01,10,31,Friday,0,22
20251011,2025-10-11,2025,Q4,10,Oct,202510,2025-10,2025-10-01,11,31,Saturday,0,22
20251012,2025-10-12,2025,Q4,10,Oct,202510,2025-10,2025-10-01,12,31,Sunday,0,22
20251013,2025-10-13,2025,Q4,10,Oct,202510,2025-10,2025-10-01,13,31,Monday,0,22
20251014,2025-10-14,2025,Q4,10,Oct,202510,2025-10,2025-10-01,14,31,Tuesday,0,22
20251015,2025-10-15,2025,Q4,10,Oct,202510,2025-10,2025-10-01,15,31,Wednesday,0,22
20251016,2025-10-16,2025,Q4,10,Oct,202510,2025-10,2025-10-01,16,31,Thursday,0,22
20251017,2025-10-17,2025,Q4,10,Oct,202510,2025-10,2025-10-01,17,31,Friday,0,22
20251018,2025-10-18,2025,Q4,10,Oct,202510,2025-10,2025-10-01,18,31,Saturday,0,22
20251019,2025-10-19,2025,Q4,10,Oct,202510,2025-10,2025-10-01,19,31,Sunday,0,22
20251020,2025-10-20,2025,Q4,10,Oct,202510,2025-10,2025-10-01,20,31,Monday,0,22
20251021,2025-10-21,2025,Q4,10,Oct,202510,2025-10,2025-10-01,21,31,Tuesday,0,22
20251022,2025-10-22,2025,Q4,10,Oct,202510,2025-10,2025-10-01,22,31,Wednesday,0,22
20251023,2025-10-23,2025,Q4,10,Oct,202510,2025-10,2025-10-01,23,31,Thursday,0,22
20251024,2025-10-24,2025,Q4,10,Oct,202510,2025-10,2025-10-01,24,31,Friday,0,22
20251025,2025-10-25,2025,Q4,10,Oct,202510,2025-10,2025-10-01,25,31,Saturday,0,22
20251026,2025-10-26,2025,Q4,10,Oct,202510,2025-10,2025-10-01,26,31,Sunday,0,22
20251027,2025-10-27,2025,Q4,10,Oct,202510,2025-10,2025-10-01,27,31,Monday,0,22
20251028,2025-10-28,2025,Q4,10,Oct,202510,2025-10,2025-10-01,28,31,Tuesday,0,22
20251029,2025-10-29,2025,Q4,10,Oct,202510,2025-10,2025-10-01,29,31,Wednesday,1,22
20251030,2025-10-30,2025,Q4,10,Oct,202510,2025-10,2025-10-01,30,31,Thursday,1,22
20251031,2025-10-31,2025,Q4,10,Oct,202510,2025-10,2025-10-01,31,31,Friday,1,22
20251101,2025-11-01,2025,Q4,11,Nov,202511,2025-11,2025-11-01,1,30,Saturday,0,23
20251102,2025-11-02,2025,Q4,11,Nov,202511,2025-11,2025-11-01,2,30,Sunday,0,23
20251103,2025-11-03,2025,Q4,11,Nov,202511,2025-11,2025-11-01,3,30,Monday,0,23
20251104,2025-11-04,2025,Q4,11,Nov,202511,2025-11,2025-11-01,4,30,Tuesday,0,23
20251105,2025-11-05,2025,Q4,11,Nov,202511,2025-11,2025-11-01,5,30,Wednesday,0,23
20251106,2025-11-06,2025,Q4,11,Nov,202511,2025-11,2025-11-01,6,30,Thursday,0,23
20251107,2025-11-07,2025,Q4,11,Nov,202511,2025-11,2025-11-01,7,30,Friday,0,23
20251108,2025-11-08,2025,Q4,11,Nov,202511,2025-11,2025-11-01,8,30,Saturday,0,23
20251109,2025-11-09,2025,Q4,11,Nov,202511,2025-11,2025-11-01,9,30,Sunday,0,23
20251110,2025-11-10,2025,Q4,11,Nov,202511,2025-11,2025-11-01,10,30,Monday,0,23
20251111,2025-11-11,2025,Q4,11,Nov,202511,2025-11,2025-11-01,11,30,Tuesday,0,23
20251112,2025-11-12,2025,Q4,11,Nov,202511,2025-11,2025-11-01,12,30,Wednesday,0,23
20251113,2025-11-13,2025,Q4,11,Nov,202511,2025-11,2025-11-01,13,30,Thursday,0,23
20251114,2025-11-14,2025,Q4,11,Nov,202511,2025-11,2025-11-01,14,30,Friday,0,23
20251115,2025-11-15,2025,Q4,11,Nov,202511,2025-11,2025-11-01,15,30,Saturday,0,23
20251116,2025-11-16,2025,Q4,11,Nov,202511,2025-11,2025-11-01,16,30,Sunday,0,23
20251117,2025-11-17,2025,Q4,11,Nov,202511,2025-11,2025-11-01,17,30,Monday,0,23
20251118,2025-11-18,2025,Q4,11,Nov,202511,2025-11,2025-11-01,18,30,Tuesday,0,23
20251119,2025-11-19,2025,Q4,11,Nov,202511,2025-11,2025-11-01,19,30,Wednesday,0,23
20251120,2025-11-20,2025,Q4,11,Nov,202511,2025-11,2025-11-01,20,30,Thursday,0,23
20251121,2025-11-21,2025,Q4,11,Nov,202511,2025-11,2025-11-01,21,30,Friday,0,23
20251122,2025-11-22,2025,Q4,11,Nov,202511,2025-11,2025-11-01,22,30,Saturday,0,23
20251123,2025-11-23,2025,Q4,11,Nov,202511,2025-11,2025-11-01,23,30,Sunday,0,23
20251124,2025-11-24,2025,Q4,11,Nov,202511,2025-11,2025-11-01,24,30,Monday,0,23
20251125,2025-11-25,2025,Q4,11,Nov,202511,2025-11,2025-11-01,25,30,Tuesday,0,23
20251126,2025-11-26,2025,Q4,11,Nov,202511,2025-11,2025-11-01,26,30,Wednesday,0,23
20251127,2025-11-27,2025,Q4,11,Nov,202511,2025-11,2025-11-01,27,30,Thursday,0,23
20251128,2025-11-28,2025,Q4,11,Nov,202511,2025-11,2025-11-01,28,30,Friday,1,23
20251129,2025-11-29,2025,Q4,11,Nov,202511,2025-11,2025-11-01,29,30,Saturday,1,23
20251130,2025-11-30,2025,Q4,11,Nov,202511,2025-11,2025-11-01,30,30,Sunday,1,23
20251201,2025-12-01,2025,Q4,12,Dec,202512,2025-12,2025-12-01,1,31,Monday,0,24
20251202,2025-12-02,2025,Q4,12,Dec,202512,2025-12,2025-12-01,2,31,Tuesday,0,24
20251203,2025-12-03,2025,Q4,12,Dec,202512,2025-12,2025-12-01,3,31,Wednesday,0,24
20251204,2025-12-04,2025,Q4,12,Dec,202512,2025-12,2025-12-01,4,31,Thursday,0,24
20251205,2025-12-05,2025,Q4,12,Dec,202512,2025-12,2025-12-01,5,31,Friday,0,24
20251206,2025-12-06,2025,Q4,12,Dec,202512,2025-12,2025-12-01,6,31,Saturday,0,24
20251207,2025-12-07,2025,Q4,12,Dec,202512,2025-12,2025-12-01,7,31,Sunday,0,24
20251208,2025-12-08,2025,Q4,12,Dec,202512,2025-12,2025-12-01,8,31,Monday,0,24
20251209,2025-12-09,2025,Q4,12,Dec,202512,2025-12,2025-12-01,9,31,Tuesday,0,24
20251210,2025-12-10,2025,Q4,12,Dec,202512,2025-12,2025-12-01,10,31,Wednesday,0,24
20251211,2025-12-11,2025,Q4,12,Dec,202512,2025-12,2025-12-01,11,31,Thursday,0,24
20251212,2025-12-12,2025,Q4,12,Dec,202512,2025-12,2025-12-01,12,31,Friday,0,24
20251213,2025-12-13,2025,Q4,12,Dec,202512,2025-12,2025-12-01,13,31,Saturday,0,24
20251214,2025-12-14,2025,Q4,12,Dec,202512,2025-12,2025-12-01,14,31,Sunday,0,24
20251215,2025-12-15,2025,Q4,12,Dec,202512,2025-12,2025-12-01,15,31,Monday,0,24
20251216,2025-12-16,2025,Q4,12,Dec,202512,2025-12,2025-12-01,16,31,Tuesday,0,24
20251217,2025-12-17,2025,Q4,12,Dec,202512,2025-12,2025-12-01,17,31,Wednesday,0,24
20251218,2025-12-18,2025,Q4,12,Dec,202512,2025-12,2025-12-01,18,31,Thursday,0,24
20251219,2025-12-19,2025,Q4,12,Dec,202512,2025-12,2025-12-01,19,31,Friday,0,24
20251220,2025-12-20,2025,Q4,12,Dec,202512,2025-12,2025-12-01,20,31,Saturday,0,24
20251221,2025-12-21,2025,Q4,12,Dec,202512,2025-12,2025-12-01,21,31,Sunday,0,24
20251222,2025-12-22,2025,Q4,12,Dec,202512,2025-12,2025-12-01,22,31,Monday,0,24
20251223,2025-12-23,2025,Q4,12,Dec,202512,2025-12,2025-12-01,23,31,Tuesday,0,24
20251224,2025-12-24,2025,Q4,12,Dec,202512,2025-12,2025-12-01,24,31,Wednesday,0,24
20251225,2025-12-25,2025,Q4,12,Dec,202512,2025-12,2025-12-01,25,31,Thursday,0,24
20251226,2025-12-26,2025,Q4,12,Dec,202512,2025-12,2025-12-01,26,31,Friday,0,24
20251227,2025-12-27,2025,Q4,12,Dec,202512,2025-12,2025-12-01,27,31,Saturday,0,24
20251228,2025-12-28,2025,Q4,12,Dec,202512,2025-12,2025-12-01,28,31,Sunday,0,24
20251229,2025-12-29,2025,Q4,12,Dec,202512,2025-12,2025-12-01,29,31,Monday,1,24
20251230,2025-12-30,2025,Q4,12,Dec,202512,2025-12,2025-12-01,30,31,Tuesday,1,24
20251231,2025-12-31,2025,Q4,12,Dec,202512,2025-12,2025-12-01,31,31,Wednesday,1,24
