rep_key,team_key,month_key,date_key,target_amount_usd,revision_no,is_ramp_month
9,1,202401,20240101,67724.8,1,0
10,1,202401,20240101,67724.8,1,0
11,1,202401,20240101,67724.8,1,0
12,1,202401,20240101,67724.8,1,0
13,1,202401,20240101,67724.8,1,0
14,1,202401,20240101,67724.8,2,0
15,1,202401,20240101,67724.8,1,0
16,1,202401,20240101,67724.8,1,0
17,1,202401,20240101,67724.8,2,0
18,2,202401,20240101,35164.8,1,0
19,2,202401,20240101,35164.8,1,0
20,2,202401,20240101,35164.8,1,0
21,2,202401,20240101,35164.8,1,0
22,2,202401,20240101,35164.8,1,0
23,2,202401,20240101,35164.8,1,0
24,2,202401,20240101,35164.8,1,0
25,2,202401,20240101,35164.8,2,0
26,2,202401,20240101,35164.8,1,0
27,2,202401,20240101,35164.8,1,0
28,2,202401,20240101,35164.8,1,0
29,3,202401,20240101,39723.2,1,0
30,3,202401,20240101,39723.2,1,0
31,3,202401,20240101,39723.2,2,0
32,3,202401,20240101,39723.2,1,0
33,3,202401,20240101,39723.2,1,0
34,3,202401,20240101,39723.2,1,0
35,3,202401,20240101,39723.2,1,0
36,4,202401,20240101,102502.4,1,0
37,4,202401,20240101,102502.4,2,0
38,4,202401,20240101,102502.4,1,0
39,4,202401,20240101,102502.4,1,0
40,4,202401,20240101,102502.4,1,0
41,4,202401,20240101,102502.4,1,0
42,4,202401,20240101,102502.4,1,0
43,4,202401,20240101,102502.4,1,0
44,4,202401,20240101,102502.4,1,0
45,4,202401,20240101,102502.4,1,0
46,5,202401,20240101,53222.4,1,0
47,5,202401,20240101,53222.4,1,0
48,5,202401,20240101,53222.4,1,0
49,5,202401,20240101,53222.4,1,0
50,5,202401,20240101,53222.4,1,0
51,5,202401,20240101,53222.4,1,0
52,5,202401,20240101,53222.4,1,0
53,5,202401,20240101,53222.4,1,0
54,5,202401,20240101,53222.4,1,0
55,5,202401,20240101,53222.4,1,0
56,6,202401,20240101,108908.8,1,0
57,6,202401,20240101,108908.8,1,0
58,6,202401,20240101,108908.8,1,0
59,6,202401,20240101,108908.8,2,0
60,6,202401,20240101,108908.8,1,0
61,6,202401,20240101,108908.8,1,0
62,6,202401,20240101,108908.8,2,0
63,6,202401,20240101,108908.8,1,0
64,6,202401,20240101,108908.8,1,0
65,7,202401,20240101,63879.2,1,0
66,7,202401,20240101,63879.2,1,0
67,7,202401,20240101,63879.2,1,0
68,7,202401,20240101,63879.2,1,0
69,7,202401,20240101,63879.2,1,0
70,7,202401,20240101,63879.2,1,0
71,7,202401,20240101,63879.2,1,0
72,7,202401,20240101,63879.2,1,0
73,8,202401,20240101,38016.0,1,0
74,8,202401,20240101,38016.0,1,0
75,8,202401,20240101,38016.0,1,0
76,8,202401,20240101,38016.0,1,0
77,8,202401,20240101,38016.0,1,0
9,1,202402,20240201,73112.0,1,0
10,1,202402,20240201,73112.0,1,0
11,1,202402,20240201,73112.0,1,0
12,1,202402,20240201,73112.0,1,0
13,1,202402,20240201,73112.0,1,0
14,1,202402,20240201,73112.0,1,0
15,1,202402,20240201,73112.0,1,0
16,1,202402,20240201,73112.0,1,0
17,1,202402,20240201,73112.0,1,0
18,2,202402,20240201,37962.0,1,0
19,2,202402,20240201,37962.0,1,0
20,2,202402,20240201,37962.0,1,0
21,2,202402,20240201,37962.0,1,0
22,2,202402,20240201,37962.0,1,0
23,2,202402,20240201,37962.0,1,0
24,2,202402,20240201,37962.0,1,0
25,2,202402,20240201,37962.0,1,0
26,2,202402,20240201,37962.0,1,0
27,2,202402,20240201,37962.0,2,0
28,2,202402,20240201,37962.0,1,0
29,3,202402,20240201,42883.0,1,0
30,3,202402,20240201,42883.0,1,0
31,3,202402,20240201,42883.0,1,0
32,3,202402,20240201,42883.0,1,0
33,3,202402,20240201,42883.0,2,0
34,3,202402,20240201,42883.0,1,0
35,3,202402,20240201,42883.0,1,0
36,4,202402,20240201,110656.0,1,0
37,4,202402,20240201,110656.0,1,0
38,4,202402,20240201,110656.0,1,0
39,4,202402,20240201,110656.0,1,0
40,4,202402,20240201,110656.0,1,0
41,4,202402,20240201,110656.0,1,0
42,4,202402,20240201,110656.0,1,0
43,4,202402,20240201,110656.0,1,0
44,4,202402,20240201,110656.0,1,0
45,4,202402,20240201,110656.0,1,0
46,5,202402,20240201,57456.0,1,0
47,5,202402,20240201,57456.0,1,0
48,5,202402,20240201,57456.0,1,0
49,5,202402,20240201,57456.0,1,0
50,5,202402,20240201,57456.0,1,0
51,5,202402,20240201,57456.0,1,0
52,5,202402,20240201,57456.0,1,0
53,5,202402,20240201,57456.0,1,0
54,5,202402,20240201,57456.0,1,0
55,5,202402,20240201,57456.0,1,0
56,6,202402,20240201,117572.0,1,0
57,6,202402,20240201,117572.0,1,0
58,6,202402,20240201,117572.0,1,0
59,6,202402,20240201,117572.0,1,0
60,6,202402,20240201,117572.0,1,0
61,6,202402,20240201,117572.0,1,0
62,6,202402,20240201,117572.0,1,0
63,6,202402,20240201,117572.0,1,0
64,6,202402,20240201,117572.0,1,0
65,7,202402,20240201,68960.5,1,0
66,7,202402,20240201,68960.5,1,0
67,7,202402,20240201,68960.5,1,0
68,7,202402,20240201,68960.5,1,0
69,7,202402,20240201,68960.5,1,0
70,7,202402,20240201,68960.5,1,0
71,7,202402,20240201,68960.5,1,0
72,7,202402,20240201,68960.5,1,0
73,8,202402,20240201,41040.0,1,0
74,8,202402,20240201,41040.0,1,0
75,8,202402,20240201,41040.0,1,0
76,8,202402,20240201,41040.0,2,0
77,8,202402,20240201,41040.0,1,0
9,1,202403,20240301,76960.0,1,0
10,1,202403,20240301,76960.0,1,0
11,1,202403,20240301,76960.0,1,0
12,1,202403,20240301,76960.0,1,0
13,1,202403,20240301,76960.0,1,0
14,1,202403,20240301,76960.0,1,0
15,1,202403,20240301,76960.0,1,0
16,1,202403,20240301,76960.0,1,0
17,1,202403,20240301,76960.0,1,0
18,2,202403,20240301,39960.0,1,0
19,2,202403,20240301,39960.0,1,0
20,2,202403,20240301,39960.0,1,0
21,2,202403,20240301,39960.0,1,0
22,2,202403,20240301,39960.0,1,0
23,2,202403,20240301,39960.0,1,0
24,2,202403,20240301,39960.0,1,0
25,2,202403,20240301,39960.0,1,0
26,2,202403,20240301,39960.0,2,0
27,2,202403,20240301,39960.0,1,0
28,2,202403,20240301,39960.0,1,0
29,3,202403,20240301,45140.0,1,0
30,3,202403,20240301,45140.0,1,0
31,3,202403,20240301,45140.0,1,0
32,3,202403,20240301,45140.0,1,0
33,3,202403,20240301,45140.0,1,0
34,3,202403,20240301,45140.0,1,0
35,3,202403,20240301,45140.0,1,0
36,4,202403,20240301,116480.0,1,0
37,4,202403,20240301,116480.0,1,0
39,4,202403,20240301,116480.0,1,0
40,4,202403,20240301,116480.0,1,0
41,4,202403,20240301,116480.0,1,0
42,4,202403,20240301,116480.0,1,0
43,4,202403,20240301,116480.0,1,0
44,4,202403,20240301,116480.0,1,0
45,4,202403,20240301,116480.0,1,0
46,5,202403,20240301,60480.0,1,0
47,5,202403,20240301,60480.0,1,0
48,5,202403,20240301,60480.0,1,0
49,5,202403,20240301,60480.0,1,0
50,5,202403,20240301,60480.0,1,0
51,5,202403,20240301,60480.0,1,0
52,5,202403,20240301,60480.0,1,0
53,5,202403,20240301,60480.0,1,0
54,5,202403,20240301,60480.0,1,0
55,5,202403,20240301,60480.0,1,0
56,6,202403,20240301,123760.0,1,0
57,6,202403,20240301,123760.0,1,0
58,6,202403,20240301,123760.0,1,0
59,6,202403,20240301,123760.0,1,0
61,6,202403,20240301,123760.0,1,0
62,6,202403,20240301,123760.0,1,0
63,6,202403,20240301,123760.0,1,0
64,6,202403,20240301,123760.0,1,0
65,7,202403,20240301,72590.0,1,0
66,7,202403,20240301,72590.0,1,0
67,7,202403,20240301,72590.0,1,0
68,7,202403,20240301,72590.0,1,0
69,7,202403,20240301,72590.0,1,0
70,7,202403,20240301,72590.0,1,0
71,7,202403,20240301,72590.0,1,0
73,8,202403,20240301,43200.0,1,0
74,8,202403,20240301,43200.0,1,0
75,8,202403,20240301,43200.0,1,0
76,8,202403,20240301,43200.0,1,0
77,8,202403,20240301,43200.0,1,0
9,1,202404,20240401,76960.0,1,0
10,1,202404,20240401,76960.0,2,0
11,1,202404,20240401,76960.0,1,0
12,1,202404,20240401,76960.0,1,0
13,1,202404,20240401,76960.0,1,0
14,1,202404,20240401,76960.0,1,0
15,1,202404,20240401,76960.0,1,0
16,1,202404,20240401,76960.0,1,0
17,1,202404,20240401,76960.0,1,0
18,2,202404,20240401,39960.0,1,0
19,2,202404,20240401,39960.0,1,0
20,2,202404,20240401,39960.0,1,0
22,2,202404,20240401,39960.0,1,0
23,2,202404,20240401,39960.0,1,0
24,2,202404,20240401,39960.0,1,0
25,2,202404,20240401,39960.0,1,0
26,2,202404,20240401,39960.0,1,0
27,2,202404,20240401,39960.0,1,0
28,2,202404,20240401,39960.0,1,0
29,3,202404,20240401,45140.0,1,0
30,3,202404,20240401,45140.0,1,0
31,3,202404,20240401,45140.0,1,0
32,3,202404,20240401,45140.0,1,0
33,3,202404,20240401,45140.0,1,0
34,3,202404,20240401,45140.0,1,0
35,3,202404,20240401,45140.0,1,0
36,4,202404,20240401,116480.0,1,0
37,4,202404,20240401,116480.0,1,0
39,4,202404,20240401,116480.0,1,0
40,4,202404,20240401,116480.0,1,0
41,4,202404,20240401,116480.0,1,0
42,4,202404,20240401,116480.0,1,0
43,4,202404,20240401,116480.0,1,0
44,4,202404,20240401,116480.0,1,0
45,4,202404,20240401,116480.0,1,0
46,5,202404,20240401,60480.0,1,0
47,5,202404,20240401,60480.0,1,0
48,5,202404,20240401,60480.0,1,0
49,5,202404,20240401,60480.0,1,0
50,5,202404,20240401,60480.0,1,0
51,5,202404,20240401,60480.0,1,0
52,5,202404,20240401,60480.0,1,0
53,5,202404,20240401,60480.0,1,0
54,5,202404,20240401,60480.0,1,0
55,5,202404,20240401,60480.0,1,0
56,6,202404,20240401,123760.0,1,0
57,6,202404,20240401,123760.0,1,0
58,6,202404,20240401,123760.0,1,0
59,6,202404,20240401,123760.0,1,0
61,6,202404,20240401,123760.0,1,0
62,6,202404,20240401,123760.0,1,0
63,6,202404,20240401,123760.0,1,0
64,6,202404,20240401,123760.0,1,0
65,7,202404,20240401,72590.0,1,0
66,7,202404,20240401,72590.0,1,0
67,7,202404,20240401,72590.0,1,0
68,7,202404,20240401,72590.0,1,0
69,7,202404,20240401,72590.0,1,0
70,7,202404,20240401,72590.0,1,0
71,7,202404,20240401,72590.0,1,0
73,8,202404,20240401,43200.0,1,0
74,8,202404,20240401,43200.0,1,0
75,8,202404,20240401,43200.0,1,0
76,8,202404,20240401,43200.0,1,0
77,8,202404,20240401,43200.0,1,0
9,1,202405,20240501,76960.0,1,0
10,1,202405,20240501,76960.0,1,0
11,1,202405,20240501,76960.0,1,0
12,1,202405,20240501,76960.0,1,0
13,1,202405,20240501,76960.0,1,0
14,1,202405,20240501,76960.0,1,0
15,1,202405,20240501,76960.0,1,0
16,1,202405,20240501,76960.0,1,0
17,1,202405,20240501,76960.0,1,0
18,2,202405,20240501,39960.0,1,0
19,2,202405,20240501,39960.0,1,0
20,2,202405,20240501,39960.0,1,0
21,2,202405,20240501,39960.0,1,0
22,2,202405,20240501,39960.0,1,0
23,2,202405,20240501,39960.0,1,0
24,2,202405,20240501,39960.0,1,0
25,2,202405,20240501,39960.0,1,0
26,2,202405,20240501,39960.0,2,0
27,2,202405,20240501,39960.0,1,0
28,2,202405,20240501,39960.0,1,0
29,3,202405,20240501,45140.0,1,0
30,3,202405,20240501,45140.0,2,0
31,3,202405,20240501,45140.0,1,0
32,3,202405,20240501,45140.0,1,0
33,3,202405,20240501,45140.0,1,0
34,3,202405,20240501,45140.0,1,0
35,3,202405,20240501,45140.0,1,0
36,4,202405,20240501,116480.0,1,0
37,4,202405,20240501,116480.0,1,0
39,4,202405,20240501,116480.0,1,0
40,4,202405,20240501,116480.0,1,0
41,4,202405,20240501,116480.0,1,0
42,4,202405,20240501,116480.0,1,0
43,4,202405,20240501,116480.0,1,0
44,4,202405,20240501,116480.0,1,0
45,4,202405,20240501,116480.0,1,0
46,5,202405,20240501,60480.0,1,0
47,5,202405,20240501,60480.0,2,0
48,5,202405,20240501,60480.0,1,0
49,5,202405,20240501,60480.0,2,0
50,5,202405,20240501,60480.0,1,0
51,5,202405,20240501,60480.0,1,0
52,5,202405,20240501,60480.0,1,0
53,5,202405,20240501,60480.0,1,0
54,5,202405,20240501,60480.0,1,0
55,5,202405,20240501,60480.0,1,0
56,6,202405,20240501,123760.0,1,0
57,6,202405,20240501,123760.0,1,0
58,6,202405,20240501,123760.0,1,0
59,6,202405,20240501,123760.0,1,0
61,6,202405,20240501,123760.0,2,0
62,6,202405,20240501,123760.0,1,0
63,6,202405,20240501,123760.0,1,0
64,6,202405,20240501,123760.0,1,0
65,7,202405,20240501,72590.0,1,0
66,7,202405,20240501,72590.0,1,0
67,7,202405,20240501,72590.0,1,0
68,7,202405,20240501,72590.0,1,0
69,7,202405,20240501,72590.0,1,0
71,7,202405,20240501,72590.0,1,0
73,8,202405,20240501,43200.0,1,0
74,8,202405,20240501,43200.0,1,0
75,8,202405,20240501,43200.0,2,0
76,8,202405,20240501,43200.0,1,0
78,4,202405,20240501,46592.0,1,1
79,7,202405,20240501,29036.0,1,1
9,1,202406,20240601,80038.4,1,0
10,1,202406,20240601,80038.4,1,0
11,1,202406,20240601,80038.4,1,0
12,1,202406,20240601,80038.4,1,0
13,1,202406,20240601,80038.4,1,0
14,1,202406,20240601,80038.4,1,0
15,1,202406,20240601,80038.4,1,0
16,1,202406,20240601,80038.4,1,0
17,1,202406,20240601,80038.4,1,0
18,2,202406,20240601,41558.4,1,0
19,2,202406,20240601,41558.4,1,0
20,2,202406,20240601,41558.4,1,0
21,2,202406,20240601,41558.4,1,0
22,2,202406,20240601,41558.4,1,0
23,2,202406,20240601,41558.4,1,0
24,2,202406,20240601,41558.4,1,0
25,2,202406,20240601,41558.4,1,0
26,2,202406,20240601,41558.4,1,0
27,2,202406,20240601,41558.4,1,0
28,2,202406,20240601,41558.4,1,0
29,3,202406,20240601,46945.6,1,0
30,3,202406,20240601,46945.6,1,0
31,3,202406,20240601,46945.6,1,0
32,3,202406,20240601,46945.6,2,0
33,3,202406,20240601,46945.6,1,0
34,3,202406,20240601,46945.6,2,0
35,3,202406,20240601,46945.6,1,0
36,4,202406,20240601,121139.2,1,0
37,4,202406,20240601,121139.2,1,0
39,4,202406,20240601,121139.2,1,0
40,4,202406,20240601,121139.2,1,0
41,4,202406,20240601,121139.2,1,0
42,4,202406,20240601,121139.2,1,0
43,4,202406,20240601,121139.2,1,0
45,4,202406,20240601,121139.2,1,0
46,5,202406,20240601,62899.2,1,0
47,5,202406,20240601,62899.2,1,0
48,5,202406,20240601,62899.2,1,0
49,5,202406,20240601,62899.2,1,0
50,5,202406,20240601,62899.2,1,0
51,5,202406,20240601,62899.2,1,0
52,5,202406,20240601,62899.2,1,0
53,5,202406,20240601,62899.2,1,0
54,5,202406,20240601,62899.2,1,0
55,5,202406,20240601,62899.2,1,0
56,6,202406,20240601,128710.4,1,0
57,6,202406,20240601,128710.4,1,0
58,6,202406,20240601,128710.4,1,0
59,6,202406,20240601,128710.4,1,0
61,6,202406,20240601,128710.4,1,0
62,6,202406,20240601,128710.4,1,0
63,6,202406,20240601,128710.4,1,0
64,6,202406,20240601,128710.4,1,0
65,7,202406,20240601,75493.6,2,0
66,7,202406,20240601,75493.6,2,0
68,7,202406,20240601,75493.6,1,0
69,7,202406,20240601,75493.6,1,0
71,7,202406,20240601,75493.6,1,0
73,8,202406,20240601,44928.0,1,0
74,8,202406,20240601,44928.0,1,0
75,8,202406,20240601,44928.0,1,0
76,8,202406,20240601,44928.0,1,0
78,4,202406,20240601,78740.48,1,1
79,7,202406,20240601,49070.84,1,1
80,6,202406,20240601,51484.16,1,1
81,7,202406,20240601,30197.44,1,1
9,1,202407,20240701,73112.0,1,0
10,1,202407,20240701,73112.0,1,0
11,1,202407,20240701,73112.0,1,0
12,1,202407,20240701,73112.0,1,0
13,1,202407,20240701,73112.0,2,0
14,1,202407,20240701,73112.0,1,0
15,1,202407,20240701,73112.0,1,0
16,1,202407,20240701,73112.0,1,0
17,1,202407,20240701,73112.0,1,0
18,2,202407,20240701,37962.0,1,0
19,2,202407,20240701,37962.0,1,0
20,2,202407,20240701,37962.0,1,0
21,2,202407,20240701,37962.0,1,0
22,2,202407,20240701,37962.0,1,0
23,2,202407,20240701,37962.0,1,0
24,2,202407,20240701,37962.0,1,0
25,2,202407,20240701,37962.0,1,0
26,2,202407,20240701,37962.0,1,0
27,2,202407,20240701,37962.0,1,0
28,2,202407,20240701,37962.0,1,0
29,3,202407,20240701,42883.0,1,0
30,3,202407,20240701,42883.0,1,0
31,3,202407,20240701,42883.0,1,0
32,3,202407,20240701,42883.0,1,0
33,3,202407,20240701,42883.0,1,0
34,3,202407,20240701,42883.0,1,0
35,3,202407,20240701,42883.0,1,0
36,4,202407,20240701,110656.0,1,0
37,4,202407,20240701,110656.0,1,0
39,4,202407,20240701,110656.0,1,0
40,4,202407,20240701,110656.0,1,0
41,4,202407,20240701,110656.0,1,0
42,4,202407,20240701,110656.0,1,0
43,4,202407,20240701,110656.0,1,0
45,4,202407,20240701,110656.0,1,0
46,5,202407,20240701,57456.0,1,0
47,5,202407,20240701,57456.0,1,0
48,5,202407,20240701,57456.0,1,0
49,5,202407,20240701,57456.0,2,0
50,5,202407,20240701,57456.0,1,0
51,5,202407,20240701,57456.0,1,0
52,5,202407,20240701,57456.0,1,0
53,5,202407,20240701,57456.0,1,0
54,5,202407,20240701,57456.0,1,0
55,5,202407,20240701,57456.0,1,0
56,6,202407,20240701,117572.0,1,0
57,6,202407,20240701,117572.0,2,0
58,6,202407,20240701,117572.0,1,0
59,6,202407,20240701,117572.0,1,0
61,6,202407,20240701,117572.0,1,0
62,6,202407,20240701,117572.0,1,0
63,6,202407,20240701,117572.0,1,0
64,6,202407,20240701,117572.0,1,0
65,7,202407,20240701,68960.5,1,0
66,7,202407,20240701,68960.5,1,0
67,7,202407,20240701,68960.5,1,0
68,7,202407,20240701,68960.5,2,0
69,7,202407,20240701,68960.5,1,0
71,7,202407,20240701,68960.5,1,0
73,8,202407,20240701,41040.0,1,0
74,8,202407,20240701,41040.0,1,0
75,8,202407,20240701,41040.0,1,0
76,8,202407,20240701,41040.0,1,0
78,4,202407,20240701,94057.6,1,1
79,7,202407,20240701,58616.42,1,1
80,6,202407,20240701,76421.8,1,1
81,7,202407,20240701,44824.33,1,1
82,8,202407,20240701,16416.0,1,1
9,1,202408,20240801,70803.2,1,0
10,1,202408,20240801,70803.2,1,0
11,1,202408,20240801,70803.2,1,0
12,1,202408,20240801,70803.2,1,0
13,1,202408,20240801,70803.2,1,0
14,1,202408,20240801,70803.2,1,0
15,1,202408,20240801,70803.2,1,0
16,1,202408,20240801,70803.2,1,0
17,1,202408,20240801,70803.2,1,0
18,2,202408,20240801,36763.2,1,0
19,2,202408,20240801,36763.2,1,0
20,2,202408,20240801,36763.2,1,0
21,2,202408,20240801,36763.2,1,0
22,2,202408,20240801,36763.2,1,0
23,2,202408,20240801,36763.2,1,0
24,2,202408,20240801,36763.2,1,0
25,2,202408,20240801,36763.2,1,0
26,2,202408,20240801,36763.2,1,0
27,2,202408,20240801,36763.2,1,0
28,2,202408,20240801,36763.2,1,0
29,3,202408,20240801,41528.8,1,0
30,3,202408,20240801,41528.8,1,0
31,3,202408,20240801,41528.8,1,0
32,3,202408,20240801,41528.8,1,0
33,3,202408,20240801,41528.8,1,0
34,3,202408,20240801,41528.8,2,0
35,3,202408,20240801,41528.8,1,0
36,4,202408,20240801,107161.6,1,0
37,4,202408,20240801,107161.6,1,0
39,4,202408,20240801,107161.6,1,0
40,4,202408,20240801,107161.6,1,0
41,4,202408,20240801,107161.6,1,0
42,4,202408,20240801,107161.6,1,0
43,4,202408,20240801,107161.6,1,0
45,4,202408,20240801,107161.6,1,0
46,5,202408,20240801,55641.6,1,0
47,5,202408,20240801,55641.6,1,0
48,5,202408,20240801,55641.6,1,0
49,5,202408,20240801,55641.6,1,0
50,5,202408,20240801,55641.6,1,0
51,5,202408,20240801,55641.6,1,0
52,5,202408,20240801,55641.6,1,0
53,5,202408,20240801,55641.6,1,0
54,5,202408,20240801,55641.6,1,0
55,5,202408,20240801,55641.6,1,0
56,6,202408,20240801,113859.2,1,0
57,6,202408,20240801,113859.2,1,0
58,6,202408,20240801,113859.2,1,0
59,6,202408,20240801,113859.2,1,0
61,6,202408,20240801,113859.2,1,0
62,6,202408,20240801,113859.2,1,0
63,6,202408,20240801,113859.2,1,0
64,6,202408,20240801,113859.2,1,0
65,7,202408,20240801,66782.8,1,0
66,7,202408,20240801,66782.8,1,0
67,7,202408,20240801,66782.8,1,0
68,7,202408,20240801,66782.8,1,0
69,7,202408,20240801,66782.8,1,0
71,7,202408,20240801,66782.8,1,0
73,8,202408,20240801,39744.0,1,0
74,8,202408,20240801,39744.0,1,0
75,8,202408,20240801,39744.0,1,0
76,8,202408,20240801,39744.0,1,0
78,4,202408,20240801,107161.6,1,0
79,7,202408,20240801,66782.8,1,0
80,6,202408,20240801,96780.32,1,1
81,7,202408,20240801,56765.38,1,1
82,8,202408,20240801,25833.6,1,1
9,1,202409,20240901,76960.0,1,0
10,1,202409,20240901,76960.0,1,0
11,1,202409,20240901,76960.0,1,0
12,1,202409,20240901,76960.0,1,0
13,1,202409,20240901,76960.0,1,0
14,1,202409,20240901,76960.0,1,0
15,1,202409,20240901,76960.0,1,0
16,1,202409,20240901,76960.0,1,0
17,1,202409,20240901,76960.0,1,0
18,2,202409,20240901,39960.0,1,0
19,2,202409,20240901,39960.0,1,0
20,2,202409,20240901,39960.0,1,0
21,2,202409,20240901,39960.0,1,0
23,2,202409,20240901,39960.0,1,0
24,2,202409,20240901,39960.0,1,0
25,2,202409,20240901,39960.0,1,0
26,2,202409,20240901,39960.0,1,0
27,2,202409,20240901,39960.0,1,0
28,2,202409,20240901,39960.0,1,0
29,3,202409,20240901,45140.0,1,0
30,3,202409,20240901,45140.0,1,0
31,3,202409,20240901,45140.0,1,0
32,3,202409,20240901,45140.0,1,0
33,3,202409,20240901,45140.0,1,0
34,3,202409,20240901,45140.0,1,0
35,3,202409,20240901,45140.0,1,0
36,4,202409,20240901,116480.0,1,0
37,4,202409,20240901,116480.0,1,0
39,4,202409,20240901,116480.0,1,0
40,4,202409,20240901,116480.0,1,0
41,4,202409,20240901,116480.0,2,0
42,4,202409,20240901,116480.0,1,0
43,4,202409,20240901,116480.0,1,0
45,4,202409,20240901,116480.0,1,0
46,5,202409,20240901,60480.0,1,0
47,5,202409,20240901,60480.0,1,0
48,5,202409,20240901,60480.0,1,0
50,5,202409,20240901,60480.0,1,0
51,5,202409,20240901,60480.0,1,0
52,5,202409,20240901,60480.0,1,0
53,5,202409,20240901,60480.0,1,0
54,5,202409,20240901,60480.0,1,0
55,5,202409,20240901,60480.0,1,0
56,6,202409,20240901,123760.0,1,0
57,6,202409,20240901,123760.0,1,0
58,6,202409,20240901,123760.0,1,0
59,6,202409,20240901,123760.0,1,0
61,6,202409,20240901,123760.0,1,0
62,6,202409,20240901,123760.0,1,0
63,6,202409,20240901,123760.0,1,0
64,6,202409,20240901,123760.0,1,0
65,7,202409,20240901,72590.0,1,0
66,7,202409,20240901,72590.0,1,0
67,7,202409,20240901,72590.0,1,0
68,7,202409,20240901,72590.0,1,0
69,7,202409,20240901,72590.0,1,0
71,7,202409,20240901,72590.0,1,0
73,8,202409,20240901,43200.0,1,0
74,8,202409,20240901,43200.0,1,0
75,8,202409,20240901,43200.0,1,0
76,8,202409,20240901,43200.0,1,0
78,4,202409,20240901,116480.0,1,0
79,7,202409,20240901,72590.0,1,0
80,6,202409,20240901,123760.0,1,0
81,7,202409,20240901,72590.0,2,0
82,8,202409,20240901,36720.0,2,1
83,4,202409,20240901,46592.0,1,1
9,1,202410,20241001,80038.4,1,0
10,1,202410,20241001,80038.4,1,0
11,1,202410,20241001,80038.4,1,0
12,1,202410,20241001,80038.4,1,0
13,1,202410,20241001,80038.4,1,0
14,1,202410,20241001,80038.4,1,0
15,1,202410,20241001,80038.4,1,0
16,1,202410,20241001,80038.4,1,0
17,1,202410,20241001,80038.4,1,0
18,2,202410,20241001,41558.4,2,0
19,2,202410,20241001,41558.4,1,0
21,2,202410,20241001,41558.4,1,0
23,2,202410,20241001,41558.4,1,0
24,2,202410,20241001,41558.4,1,0
25,2,202410,20241001,41558.4,1,0
26,2,202410,20241001,41558.4,1,0
27,2,202410,20241001,41558.4,2,0
28,2,202410,20241001,41558.4,1,0
29,3,202410,20241001,46945.6,1,0
30,3,202410,20241001,46945.6,1,0
31,3,202410,20241001,46945.6,1,0
32,3,202410,20241001,46945.6,1,0
33,3,202410,20241001,46945.6,1,0
34,3,202410,20241001,46945.6,1,0
35,3,202410,20241001,46945.6,1,0
36,4,202410,20241001,121139.2,1,0
37,4,202410,20241001,121139.2,2,0
39,4,202410,20241001,121139.2,1,0
40,4,202410,20241001,121139.2,1,0
41,4,202410,20241001,121139.2,1,0
42,4,202410,20241001,121139.2,1,0
43,4,202410,20241001,121139.2,1,0
45,4,202410,20241001,121139.2,1,0
46,5,202410,20241001,62899.2,1,0
47,5,202410,20241001,62899.2,1,0
48,5,202410,20241001,62899.2,1,0
50,5,202410,20241001,62899.2,2,0
51,5,202410,20241001,62899.2,1,0
52,5,202410,20241001,62899.2,1,0
53,5,202410,20241001,62899.2,1,0
54,5,202410,20241001,62899.2,1,0
55,5,202410,20241001,62899.2,1,0
56,6,202410,20241001,128710.4,1,0
57,6,202410,20241001,128710.4,1,0
58,6,202410,20241001,128710.4,1,0
59,6,202410,20241001,128710.4,1,0
61,6,202410,20241001,128710.4,1,0
62,6,202410,20241001,128710.4,1,0
63,6,202410,20241001,128710.4,1,0
64,6,202410,20241001,128710.4,1,0
65,7,202410,20241001,75493.6,1,0
66,7,202410,20241001,75493.6,1,0
67,7,202410,20241001,75493.6,1,0
68,7,202410,20241001,75493.6,1,0
69,7,202410,20241001,75493.6,1,0
71,7,202410,20241001,75493.6,1,0
73,8,202410,20241001,44928.0,1,0
74,8,202410,20241001,44928.0,1,0
75,8,202410,20241001,44928.0,1,0
76,8,202410,20241001,44928.0,2,0
78,4,202410,20241001,121139.2,1,0
79,7,202410,20241001,75493.6,1,0
80,6,202410,20241001,128710.4,1,0
81,7,202410,20241001,75493.6,1,0
82,8,202410,20241001,44928.0,1,0
83,4,202410,20241001,78740.48,1,1
9,1,202411,20241101,83116.8,1,0
10,1,202411,20241101,83116.8,2,0
11,1,202411,20241101,83116.8,1,0
12,1,202411,20241101,83116.8,1,0
13,1,202411,20241101,83116.8,1,0
14,1,202411,20241101,83116.8,1,0
15,1,202411,20241101,83116.8,1,0
16,1,202411,20241101,83116.8,1,0
17,1,202411,20241101,83116.8,1,0
18,2,202411,20241101,43156.8,1,0
19,2,202411,20241101,43156.8,1,0
21,2,202411,20241101,43156.8,1,0
23,2,202411,20241101,43156.8,1,0
24,2,202411,20241101,43156.8,1,0
25,2,202411,20241101,43156.8,1,0
26,2,202411,20241101,43156.8,1,0
27,2,202411,20241101,43156.8,1,0
28,2,202411,20241101,43156.8,1,0
29,3,202411,20241101,48751.2,1,0
30,3,202411,20241101,48751.2,1,0
31,3,202411,20241101,48751.2,1,0
32,3,202411,20241101,48751.2,1,0
33,3,202411,20241101,48751.2,1,0
34,3,202411,20241101,48751.2,1,0
35,3,202411,20241101,48751.2,1,0
36,4,202411,20241101,125798.4,1,0
37,4,202411,20241101,125798.4,1,0
39,4,202411,20241101,125798.4,1,0
40,4,202411,20241101,125798.4,1,0
41,4,202411,20241101,125798.4,1,0
42,4,202411,20241101,125798.4,1,0
43,4,202411,20241101,125798.4,1,0
45,4,202411,20241101,125798.4,1,0
46,5,202411,20241101,65318.4,1,0
47,5,202411,20241101,65318.4,1,0
48,5,202411,20241101,65318.4,1,0
50,5,202411,20241101,65318.4,1,0
52,5,202411,20241101,65318.4,1,0
53,5,202411,20241101,65318.4,1,0
54,5,202411,20241101,65318.4,1,0
55,5,202411,20241101,65318.4,2,0
56,6,202411,20241101,133660.8,1,0
57,6,202411,20241101,133660.8,1,0
58,6,202411,20241101,133660.8,1,0
59,6,202411,20241101,133660.8,1,0
61,6,202411,20241101,133660.8,1,0
62,6,202411,20241101,133660.8,1,0
63,6,202411,20241101,133660.8,2,0
64,6,202411,20241101,133660.8,1,0
65,7,202411,20241101,78397.2,1,0
66,7,202411,20241101,78397.2,1,0
67,7,202411,20241101,78397.2,1,0
68,7,202411,20241101,78397.2,1,0
69,7,202411,20241101,78397.2,1,0
71,7,202411,20241101,78397.2,1,0
73,8,202411,20241101,46656.0,1,0
74,8,202411,20241101,46656.0,1,0
75,8,202411,20241101,46656.0,1,0
76,8,202411,20241101,46656.0,1,0
78,4,202411,20241101,125798.4,1,0
79,7,202411,20241101,78397.2,1,0
80,6,202411,20241101,133660.8,1,0
81,7,202411,20241101,78397.2,1,0
82,8,202411,20241101,46656.0,1,0
83,4,202411,20241101,106928.64,1,1
84,5,202411,20241101,26127.36,1,1
9,2,202412,20241201,45554.4,1,0
10,1,202412,20241201,87734.4,1,0
11,1,202412,20241201,87734.4,1,0
12,1,202412,20241201,87734.4,1,0
13,1,202412,20241201,87734.4,1,0
14,1,202412,20241201,87734.4,1,0
15,1,202412,20241201,87734.4,2,0
16,1,202412,20241201,87734.4,1,0
17,1,202412,20241201,87734.4,1,0
18,2,202412,20241201,45554.4,1,0
19,2,202412,20241201,45554.4,1,0
21,2,202412,20241201,45554.4,2,0
23,2,202412,20241201,45554.4,1,0
24,2,202412,20241201,45554.4,1,0
25,2,202412,20241201,45554.4,1,0
26,2,202412,20241201,45554.4,2,0
27,2,202412,20241201,45554.4,1,0
28,2,202412,20241201,45554.4,1,0
29,3,202412,20241201,51459.6,2,0
30,3,202412,20241201,51459.6,1,0
31,3,202412,20241201,51459.6,1,0
32,3,202412,20241201,51459.6,1,0
33,3,202412,20241201,51459.6,1,0
34,3,202412,20241201,51459.6,1,0
35,3,202412,20241201,51459.6,1,0
36,4,202412,20241201,132787.2,1,0
37,4,202412,20241201,132787.2,1,0
39,4,202412,20241201,132787.2,1,0
40,4,202412,20241201,132787.2,1,0
41,4,202412,20241201,132787.2,1,0
42,4,202412,20241201,132787.2,1,0
43,4,202412,20241201,132787.2,1,0
45,4,202412,20241201,132787.2,1,0
46,5,202412,20241201,68947.2,1,0
47,5,202412,20241201,68947.2,1,0
48,5,202412,20241201,68947.2,1,0
50,5,202412,20241201,68947.2,1,0
51,5,202412,20241201,68947.2,1,0
52,5,202412,20241201,68947.2,1,0
53,5,202412,20241201,68947.2,1,0
54,5,202412,20241201,68947.2,1,0
55,5,202412,20241201,68947.2,1,0
56,6,202412,20241201,141086.4,1,0
57,6,202412,20241201,141086.4,1,0
58,6,202412,20241201,141086.4,1,0
59,6,202412,20241201,141086.4,1,0
61,6,202412,20241201,141086.4,2,0
62,6,202412,20241201,141086.4,1,0
63,6,202412,20241201,141086.4,1,0
64,6,202412,20241201,141086.4,1,0
65,7,202412,20241201,82752.6,1,0
66,7,202412,20241201,82752.6,1,0
67,7,202412,20241201,82752.6,1,0
68,7,202412,20241201,82752.6,1,0
69,7,202412,20241201,82752.6,1,0
71,7,202412,20241201,82752.6,1,0
73,8,202412,20241201,49248.0,1,0
74,8,202412,20241201,49248.0,1,0
75,8,202412,20241201,49248.0,1,0
76,8,202412,20241201,49248.0,1,0
78,4,202412,20241201,132787.2,1,0
79,7,202412,20241201,82752.6,1,0
80,6,202412,20241201,141086.4,1,0
81,7,202412,20241201,82752.6,1,0
82,8,202412,20241201,49248.0,1,0
83,4,202412,20241201,132787.2,1,0
84,5,202412,20241201,44815.68,1,1
85,2,202412,20241201,18221.76,2,1
9,2,202501,20250101,40439.52,1,0
10,1,202501,20250101,77883.52,1,0
11,1,202501,20250101,77883.52,1,0
12,1,202501,20250101,77883.52,1,0
13,1,202501,20250101,77883.52,1,0
14,1,202501,20250101,77883.52,1,0
15,1,202501,20250101,77883.52,1,0
16,1,202501,20250101,77883.52,1,0
17,1,202501,20250101,77883.52,1,0
18,2,202501,20250101,40439.52,1,0
19,2,202501,20250101,40439.52,1,0
21,2,202501,20250101,40439.52,1,0
23,2,202501,20250101,40439.52,1,0
24,2,202501,20250101,40439.52,1,0
25,2,202501,20250101,40439.52,1,0
26,2,202501,20250101,40439.52,1,0
27,2,202501,20250101,40439.52,1,0
28,2,202501,20250101,40439.52,1,0
29,3,202501,20250101,45681.68,1,0
30,3,202501,20250101,45681.68,1,0
31,3,202501,20250101,45681.68,1,0
32,3,202501,20250101,45681.68,1,0
33,3,202501,20250101,45681.68,1,0
34,3,202501,20250101,45681.68,1,0
35,3,202501,20250101,45681.68,1,0
36,4,202501,20250101,117877.76,1,0
37,4,202501,20250101,117877.76,1,0
39,4,202501,20250101,117877.76,1,0
40,4,202501,20250101,117877.76,1,0
41,4,202501,20250101,117877.76,1,0
42,4,202501,20250101,117877.76,2,0
43,4,202501,20250101,117877.76,1,0
45,4,202501,20250101,117877.76,1,0
46,5,202501,20250101,61205.76,1,0
47,5,202501,20250101,61205.76,1,0
48,5,202501,20250101,61205.76,1,0
50,5,202501,20250101,61205.76,1,0
51,5,202501,20250101,61205.76,2,0
52,5,202501,20250101,61205.76,1,0
53,5,202501,20250101,61205.76,1,0
54,5,202501,20250101,61205.76,1,0
55,5,202501,20250101,61205.76,1,0
56,6,202501,20250101,125245.12,1,0
57,6,202501,20250101,125245.12,1,0
58,6,202501,20250101,125245.12,2,0
59,6,202501,20250101,125245.12,1,0
61,6,202501,20250101,125245.12,1,0
62,6,202501,20250101,125245.12,1,0
63,6,202501,20250101,125245.12,1,0
64,6,202501,20250101,125245.12,1,0
65,7,202501,20250101,73461.08,1,0
66,7,202501,20250101,73461.08,1,0
67,7,202501,20250101,73461.08,1,0
68,7,202501,20250101,73461.08,1,0
69,7,202501,20250101,73461.08,1,0
71,7,202501,20250101,73461.08,1,0
73,8,202501,20250101,43718.4,1,0
74,8,202501,20250101,43718.4,1,0
75,8,202501,20250101,43718.4,1,0
76,8,202501,20250101,43718.4,1,0
78,4,202501,20250101,117877.76,1,0
79,7,202501,20250101,73461.08,1,0
80,6,202501,20250101,125245.12,1,0
81,7,202501,20250101,73461.08,1,0
82,8,202501,20250101,43718.4,1,0
83,4,202501,20250101,117877.76,1,0
84,5,202501,20250101,52024.9,1,1
85,2,202501,20250101,26285.69,1,1
86,2,202501,20250101,16175.81,1,1
87,2,202501,20250101,16175.81,1,1
88,8,202501,20250101,17487.36,1,1
89,8,202501,20250101,17487.36,1,1
9,2,202502,20250201,43656.3,1,0
10,1,202502,20250201,84078.8,1,0
11,1,202502,20250201,84078.8,1,0
12,1,202502,20250201,84078.8,1,0
13,1,202502,20250201,84078.8,1,0
14,1,202502,20250201,84078.8,2,0
15,1,202502,20250201,84078.8,1,0
16,1,202502,20250201,84078.8,1,0
17,1,202502,20250201,84078.8,1,0
18,2,202502,20250201,43656.3,1,0
19,2,202502,20250201,43656.3,1,0
21,2,202502,20250201,43656.3,1,0
23,2,202502,20250201,43656.3,1,0
24,2,202502,20250201,43656.3,1,0
25,2,202502,20250201,43656.3,1,0
26,2,202502,20250201,43656.3,1,0
27,2,202502,20250201,43656.3,1,0
28,2,202502,20250201,43656.3,1,0
29,3,202502,20250201,49315.45,1,0
30,3,202502,20250201,49315.45,1,0
31,3,202502,20250201,49315.45,1,0
32,3,202502,20250201,49315.45,1,0
33,3,202502,20250201,49315.45,1,0
34,3,202502,20250201,49315.45,1,0
35,3,202502,20250201,49315.45,1,0
36,4,202502,20250201,127254.4,1,0
37,4,202502,20250201,127254.4,1,0
39,4,202502,20250201,127254.4,1,0
40,4,202502,20250201,127254.4,1,0
41,4,202502,20250201,127254.4,1,0
42,4,202502,20250201,127254.4,1,0
43,4,202502,20250201,127254.4,1,0
45,4,202502,20250201,127254.4,1,0
46,5,202502,20250201,66074.4,1,0
47,5,202502,20250201,66074.4,1,0
48,5,202502,20250201,66074.4,1,0
50,5,202502,20250201,66074.4,1,0
51,5,202502,20250201,66074.4,1,0
52,5,202502,20250201,66074.4,1,0
53,5,202502,20250201,66074.4,1,0
54,5,202502,20250201,66074.4,1,0
55,5,202502,20250201,66074.4,1,0
56,6,202502,20250201,135207.8,2,0
57,6,202502,20250201,135207.8,1,0
58,6,202502,20250201,135207.8,1,0
59,6,202502,20250201,135207.8,1,0
61,6,202502,20250201,135207.8,1,0
62,6,202502,20250201,135207.8,1,0
63,6,202502,20250201,135207.8,1,0
64,6,202502,20250201,135207.8,1,0
65,7,202502,20250201,79304.57,1,0
67,7,202502,20250201,79304.57,1,0
68,7,202502,20250201,79304.57,1,0
69,7,202502,20250201,79304.57,1,0
71,7,202502,20250201,79304.57,1,0
73,8,202502,20250201,47196.0,1,0
74,8,202502,20250201,47196.0,1,0
75,8,202502,20250201,47196.0,1,0
76,8,202502,20250201,47196.0,1,0
78,4,202502,20250201,127254.4,1,0
79,7,202502,20250201,79304.57,1,0
80,6,202502,20250201,135207.8,1,0
81,7,202502,20250201,79304.57,1,0
82,8,202502,20250201,47196.0,1,0
83,4,202502,20250201,127254.4,1,0
84,5,202502,20250201,66074.4,2,0
85,2,202502,20250201,37107.85,1,1
86,2,202502,20250201,28376.59,1,1
87,2,202502,20250201,28376.59,1,1
88,8,202502,20250201,30677.4,1,1
89,8,202502,20250201,30677.4,1,1
90,1,202502,20250201,33631.52,1,1
9,2,202503,20250301,45954.0,1,0
10,1,202503,20250301,88504.0,1,0
11,1,202503,20250301,88504.0,1,0
12,1,202503,20250301,88504.0,1,0
13,1,202503,20250301,88504.0,1,0
14,1,202503,20250301,88504.0,1,0
15,1,202503,20250301,88504.0,1,0
16,1,202503,20250301,88504.0,1,0
17,1,202503,20250301,88504.0,1,0
18,2,202503,20250301,45954.0,1,0
19,2,202503,20250301,45954.0,1,0
21,2,202503,20250301,45954.0,1,0
23,2,202503,20250301,45954.0,1,0
24,2,202503,20250301,45954.0,2,0
25,2,202503,20250301,45954.0,1,0
26,2,202503,20250301,45954.0,1,0
27,2,202503,20250301,45954.0,1,0
28,2,202503,20250301,45954.0,1,0
29,3,202503,20250301,51911.0,1,0
30,3,202503,20250301,51911.0,1,0
31,3,202503,20250301,51911.0,1,0
32,3,202503,20250301,51911.0,1,0
33,3,202503,20250301,51911.0,1,0
34,3,202503,20250301,51911.0,1,0
35,3,202503,20250301,51911.0,1,0
36,4,202503,20250301,133952.0,1,0
37,4,202503,20250301,133952.0,1,0
39,4,202503,20250301,133952.0,1,0
40,4,202503,20250301,133952.0,1,0
41,4,202503,20250301,133952.0,1,0
42,4,202503,20250301,133952.0,1,0
43,4,202503,20250301,133952.0,1,0
45,4,202503,20250301,133952.0,1,0
46,5,202503,20250301,69552.0,1,0
47,5,202503,20250301,69552.0,2,0
48,5,202503,20250301,69552.0,1,0
50,5,202503,20250301,69552.0,1,0
51,5,202503,20250301,69552.0,1,0
52,5,202503,20250301,69552.0,1,0
53,5,202503,20250301,69552.0,1,0
54,5,202503,20250301,69552.0,2,0
55,5,202503,20250301,69552.0,1,0
56,6,202503,20250301,142324.0,1,0
57,7,202503,20250301,83478.5,1,0
58,6,202503,20250301,142324.0,1,0
59,6,202503,20250301,142324.0,1,0
61,6,202503,20250301,142324.0,1,0
62,6,202503,20250301,142324.0,1,0
63,6,202503,20250301,142324.0,1,0
64,6,202503,20250301,142324.0,1,0
65,7,202503,20250301,83478.5,1,0
68,7,202503,20250301,83478.5,1,0
69,7,202503,20250301,83478.5,1,0
71,7,202503,20250301,83478.5,1,0
73,8,202503,20250301,49680.0,1,0
74,8,202503,20250301,49680.0,1,0
75,8,202503,20250301,49680.0,1,0
78,4,202503,20250301,133952.0,1,0
79,7,202503,20250301,83478.5,1,0
80,6,202503,20250301,142324.0,1,0
81,7,202503,20250301,83478.5,1,0
82,8,202503,20250301,49680.0,1,0
83,4,202503,20250301,133952.0,1,0
84,5,202503,20250301,69552.0,1,0
85,2,202503,20250301,45954.0,1,0
86,2,202503,20250301,39060.9,1,1
87,2,202503,20250301,39060.9,1,1
88,8,202503,20250301,42228.0,1,1
89,8,202503,20250301,42228.0,1,1
90,1,202503,20250301,57527.6,1,1
91,6,202503,20250301,56929.6,1,1
92,8,202503,20250301,19872.0,1,1
9,2,202504,20250401,45954.0,1,0
10,1,202504,20250401,88504.0,1,0
11,1,202504,20250401,88504.0,1,0
12,1,202504,20250401,88504.0,1,0
13,1,202504,20250401,88504.0,1,0
14,1,202504,20250401,88504.0,1,0
15,1,202504,20250401,88504.0,1,0
16,1,202504,20250401,88504.0,1,0
17,1,202504,20250401,88504.0,1,0
18,2,202504,20250401,45954.0,1,0
19,2,202504,20250401,45954.0,1,0
21,2,202504,20250401,45954.0,1,0
23,2,202504,20250401,45954.0,1,0
24,2,202504,20250401,45954.0,1,0
25,2,202504,20250401,45954.0,1,0
26,2,202504,20250401,45954.0,1,0
27,2,202504,20250401,45954.0,1,0
28,2,202504,20250401,45954.0,1,0
29,3,202504,20250401,51911.0,1,0
31,3,202504,20250401,51911.0,1,0
32,3,202504,20250401,51911.0,1,0
33,3,202504,20250401,51911.0,1,0
34,3,202504,20250401,51911.0,1,0
35,3,202504,20250401,51911.0,1,0
36,4,202504,20250401,133952.0,1,0
37,4,202504,20250401,133952.0,1,0
39,4,202504,20250401,133952.0,2,0
40,4,202504,20250401,133952.0,1,0
41,4,202504,20250401,133952.0,1,0
42,4,202504,20250401,133952.0,1,0
43,4,202504,20250401,133952.0,1,0
45,4,202504,20250401,133952.0,1,0
46,5,202504,20250401,69552.0,1,0
47,5,202504,20250401,69552.0,1,0
48,5,202504,20250401,69552.0,1,0
50,5,202504,20250401,69552.0,1,0
51,5,202504,20250401,69552.0,1,0
52,5,202504,20250401,69552.0,1,0
53,5,202504,20250401,69552.0,1,0
54,5,202504,20250401,69552.0,1,0
55,5,202504,20250401,69552.0,1,0
56,6,202504,20250401,142324.0,1,0
57,7,202504,20250401,83478.5,1,0
58,6,202504,20250401,142324.0,1,0
59,6,202504,20250401,142324.0,1,0
61,6,202504,20250401,142324.0,1,0
62,6,202504,20250401,142324.0,1,0
63,6,202504,20250401,142324.0,1,0
64,6,202504,20250401,142324.0,2,0
65,7,202504,20250401,83478.5,1,0
68,7,202504,20250401,83478.5,1,0
69,7,202504,20250401,83478.5,1,0
71,7,202504,20250401,83478.5,1,0
73,8,202504,20250401,49680.0,2,0
74,8,202504,20250401,49680.0,1,0
75,8,202504,20250401,49680.0,1,0
78,4,202504,20250401,133952.0,1,0
79,7,202504,20250401,83478.5,1,0
80,6,202504,20250401,142324.0,1,0
81,7,202504,20250401,83478.5,1,0
82,8,202504,20250401,49680.0,1,0
83,4,202504,20250401,133952.0,1,0
84,5,202504,20250401,69552.0,1,0
85,2,202504,20250401,45954.0,1,0
86,2,202504,20250401,45954.0,1,0
87,2,202504,20250401,45954.0,1,0
88,8,202504,20250401,49680.0,1,0
89,8,202504,20250401,49680.0,1,0
91,6,202504,20250401,92510.6,1,1
92,8,202504,20250401,32292.0,1,1
93,4,202504,20250401,53580.8,1,1
94,7,202504,20250401,33391.4,1,1
9,2,202505,20250501,45954.0,1,0
10,1,202505,20250501,88504.0,2,0
11,1,202505,20250501,88504.0,1,0
12,1,202505,20250501,88504.0,1,0
13,1,202505,20250501,88504.0,1,0
14,1,202505,20250501,88504.0,1,0
15,1,202505,20250501,88504.0,1,0
16,1,202505,20250501,88504.0,1,0
17,1,202505,20250501,88504.0,1,0
18,2,202505,20250501,45954.0,1,0
19,2,202505,20250501,45954.0,1,0
21,2,202505,20250501,45954.0,1,0
23,2,202505,20250501,45954.0,1,0
24,2,202505,20250501,45954.0,1,0
25,2,202505,20250501,45954.0,1,0
26,2,202505,20250501,45954.0,1,0
27,2,202505,20250501,45954.0,1,0
28,2,202505,20250501,45954.0,1,0
29,3,202505,20250501,51911.0,1,0
31,3,202505,20250501,51911.0,1,0
32,3,202505,20250501,51911.0,1,0
33,3,202505,20250501,51911.0,1,0
34,3,202505,20250501,51911.0,1,0
35,3,202505,20250501,51911.0,1,0
36,4,202505,20250501,133952.0,1,0
37,4,202505,20250501,133952.0,1,0
39,4,202505,20250501,133952.0,1,0
40,4,202505,20250501,133952.0,1,0
41,4,202505,20250501,133952.0,1,0
42,4,202505,20250501,133952.0,1,0
43,4,202505,20250501,133952.0,1,0
45,4,202505,20250501,133952.0,1,0
46,5,202505,20250501,69552.0,1,0
47,5,202505,20250501,69552.0,1,0
48,5,202505,20250501,69552.0,2,0
50,5,202505,20250501,69552.0,1,0
51,5,202505,20250501,69552.0,1,0
52,5,202505,20250501,69552.0,1,0
53,5,202505,20250501,69552.0,1,0
54,5,202505,20250501,69552.0,1,0
55,5,202505,20250501,69552.0,1,0
56,6,202505,20250501,142324.0,1,0
57,7,202505,20250501,83478.5,1,0
58,6,202505,20250501,142324.0,1,0
59,6,202505,20250501,142324.0,1,0
62,6,202505,20250501,142324.0,1,0
63,6,202505,20250501,142324.0,1,0
64,6,202505,20250501,142324.0,1,0
65,7,202505,20250501,83478.5,1,0
68,7,202505,20250501,83478.5,1,0
69,7,202505,20250501,83478.5,1,0
71,7,202505,20250501,83478.5,1,0
73,8,202505,20250501,49680.0,1,0
74,8,202505,20250501,49680.0,1,0
75,8,202505,20250501,49680.0,1,0
78,4,202505,20250501,133952.0,1,0
79,7,202505,20250501,83478.5,1,0
80,6,202505,20250501,142324.0,1,0
81,6,202505,20250501,142324.0,1,0
82,8,202505,20250501,49680.0,1,0
83,4,202505,20250501,133952.0,2,0
84,5,202505,20250501,69552.0,1,0
85,2,202505,20250501,45954.0,1,0
86,2,202505,20250501,45954.0,1,0
87,2,202505,20250501,45954.0,1,0
88,8,202505,20250501,49680.0,1,0
89,8,202505,20250501,49680.0,1,0
90,1,202505,20250501,88504.0,1,0
91,6,202505,20250501,120975.4,1,1
92,8,202505,20250501,42228.0,1,1
93,4,202505,20250501,87068.8,1,1
94,7,202505,20250501,54261.03,1,1
95,3,202505,20250501,20764.4,1,1
96,6,202505,20250501,56929.6,1,1
97,7,202505,20250501,33391.4,1,1
98,8,202505,20250501,19872.0,1,1
9,2,202506,20250601,47792.16,1,0
10,1,202506,20250601,92044.16,1,0
11,1,202506,20250601,92044.16,1,0
12,1,202506,20250601,92044.16,1,0
13,1,202506,20250601,92044.16,1,0
14,1,202506,20250601,92044.16,1,0
15,1,202506,20250601,92044.16,1,0
16,1,202506,20250601,92044.16,1,0
17,1,202506,20250601,92044.16,1,0
18,2,202506,20250601,47792.16,1,0
19,2,202506,20250601,47792.16,1,0
21,2,202506,20250601,47792.16,1,0
23,2,202506,20250601,47792.16,1,0
24,2,202506,20250601,47792.16,1,0
25,2,202506,20250601,47792.16,1,0
26,2,202506,20250601,47792.16,1,0
27,2,202506,20250601,47792.16,1,0
28,2,202506,20250601,47792.16,2,0
29,3,202506,20250601,53987.44,1,0
31,3,202506,20250601,53987.44,1,0
32,3,202506,20250601,53987.44,1,0
33,3,202506,20250601,53987.44,1,0
34,3,202506,20250601,53987.44,1,0
35,3,202506,20250601,53987.44,1,0
36,4,202506,20250601,139310.08,1,0
37,4,202506,20250601,139310.08,1,0
39,4,202506,20250601,139310.08,1,0
40,4,202506,20250601,139310.08,1,0
41,4,202506,20250601,139310.08,1,0
42,4,202506,20250601,139310.08,1,0
43,4,202506,20250601,139310.08,1,0
45,4,202506,20250601,139310.08,1,0
46,5,202506,20250601,72334.08,2,0
47,5,202506,20250601,72334.08,1,0
48,5,202506,20250601,72334.08,1,0
50,5,202506,20250601,72334.08,1,0
51,5,202506,20250601,72334.08,1,0
52,5,202506,20250601,72334.08,1,0
53,5,202506,20250601,72334.08,1,0
54,5,202506,20250601,72334.08,1,0
55,5,202506,20250601,72334.08,1,0
56,6,202506,20250601,148016.96,1,0
57,7,202506,20250601,86817.64,1,0
58,6,202506,20250601,148016.96,1,0
59,6,202506,20250601,148016.96,1,0
62,6,202506,20250601,148016.96,1,0
63,6,202506,20250601,148016.96,1,0
64,6,202506,20250601,148016.96,1,0
65,7,202506,20250601,86817.64,1,0
68,7,202506,20250601,86817.64,1,0
69,7,202506,20250601,86817.64,1,0
71,7,202506,20250601,86817.64,1,0
73,8,202506,20250601,51667.2,1,0
74,8,202506,20250601,51667.2,1,0
75,8,202506,20250601,51667.2,1,0
78,4,202506,20250601,139310.08,1,0
79,7,202506,20250601,86817.64,1,0
80,6,202506,20250601,148016.96,1,0
81,6,202506,20250601,148016.96,1,0
82,8,202506,20250601,51667.2,1,0
83,4,202506,20250601,139310.08,1,0
84,5,202506,20250601,72334.08,1,0
85,2,202506,20250601,47792.16,1,0
86,2,202506,20250601,47792.16,1,0
87,2,202506,20250601,47792.16,1,0
88,8,202506,20250601,51667.2,1,0
89,8,202506,20250601,51667.2,1,0
90,1,202506,20250601,92044.16,1,0
91,6,202506,20250601,148016.96,1,0
92,8,202506,20250601,51667.2,1,0
93,4,202506,20250601,118413.57,1,1
94,7,202506,20250601,73794.99,1,1
95,3,202506,20250601,35091.84,1,1
96,6,202506,20250601,96211.02,1,1
97,7,202506,20250601,56431.47,1,1
98,8,202506,20250601,33583.68,1,1
9,2,202507,20250701,43656.3,1,0
10,1,202507,20250701,84078.8,1,0
11,1,202507,20250701,84078.8,1,0
12,1,202507,20250701,84078.8,2,0
13,1,202507,20250701,84078.8,1,0
14,1,202507,20250701,84078.8,1,0
15,1,202507,20250701,84078.8,1,0
16,1,202507,20250701,84078.8,1,0
17,1,202507,20250701,84078.8,1,0
18,2,202507,20250701,43656.3,1,0
19,2,202507,20250701,43656.3,1,0
21,2,202507,20250701,43656.3,1,0
23,2,202507,20250701,43656.3,1,0
24,2,202507,20250701,43656.3,1,0
25,2,202507,20250701,43656.3,1,0
26,2,202507,20250701,43656.3,1,0
27,2,202507,20250701,43656.3,1,0
28,2,202507,20250701,43656.3,1,0
31,3,202507,20250701,49315.45,1,0
32,3,202507,20250701,49315.45,1,0
33,3,202507,20250701,49315.45,1,0
34,3,202507,20250701,49315.45,1,0
35,3,202507,20250701,49315.45,1,0
36,4,202507,20250701,127254.4,1,0
37,4,202507,20250701,127254.4,1,0
39,4,202507,20250701,127254.4,1,0
40,4,202507,20250701,127254.4,1,0
41,4,202507,20250701,127254.4,1,0
42,4,202507,20250701,127254.4,1,0
43,4,202507,20250701,127254.4,1,0
45,4,202507,20250701,127254.4,1,0
46,5,202507,20250701,66074.4,1,0
47,5,202507,20250701,66074.4,1,0
48,5,202507,20250701,66074.4,1,0
50,5,202507,20250701,66074.4,2,0
51,5,202507,20250701,66074.4,1,0
52,5,202507,20250701,66074.4,1,0
53,5,202507,20250701,66074.4,1,0
54,5,202507,20250701,66074.4,1,0
55,5,202507,20250701,66074.4,1,0
56,6,202507,20250701,135207.8,1,0
57,7,202507,20250701,79304.57,1,0
58,6,202507,20250701,135207.8,1,0
59,6,202507,20250701,135207.8,2,0
62,6,202507,20250701,135207.8,1,0
63,6,202507,20250701,135207.8,1,0
64,6,202507,20250701,135207.8,1,0
65,7,202507,20250701,79304.57,1,0
68,7,202507,20250701,79304.57,1,0
69,7,202507,20250701,79304.57,1,0
71,7,202507,20250701,79304.57,1,0
73,8,202507,20250701,47196.0,1,0
74,8,202507,20250701,47196.0,1,0
75,8,202507,20250701,47196.0,1,0
78,4,202507,20250701,127254.4,1,0
79,7,202507,20250701,79304.57,1,0
80,6,202507,20250701,135207.8,1,0
81,6,202507,20250701,135207.8,1,0
82,8,202507,20250701,47196.0,1,0
83,4,202507,20250701,127254.4,1,0
84,5,202507,20250701,66074.4,1,0
85,2,202507,20250701,43656.3,1,0
86,2,202507,20250701,43656.3,1,0
87,2,202507,20250701,43656.3,1,0
88,8,202507,20250701,47196.0,1,0
89,8,202507,20250701,47196.0,1,0
90,1,202507,20250701,84078.8,1,0
91,6,202507,20250701,135207.8,1,0
92,8,202507,20250701,47196.0,1,0
93,4,202507,20250701,127254.4,1,0
94,7,202507,20250701,79304.57,1,0
95,3,202507,20250701,41918.13,1,1
96,6,202507,20250701,114926.63,1,1
97,7,202507,20250701,67408.89,1,1
98,8,202507,20250701,40116.6,1,1
99,6,202507,20250701,54083.12,1,1
100,7,202507,20250701,31721.83,1,1
9,2,202508,20250801,42277.68,1,0
10,1,202508,20250801,81423.68,1,0
11,1,202508,20250801,81423.68,2,0
12,1,202508,20250801,81423.68,1,0
13,1,202508,20250801,81423.68,1,0
14,1,202508,20250801,81423.68,1,0
15,1,202508,20250801,81423.68,1,0
16,1,202508,20250801,81423.68,1,0
17,1,202508,20250801,81423.68,1,0
18,2,202508,20250801,42277.68,1,0
19,2,202508,20250801,42277.68,1,0
21,2,202508,20250801,42277.68,2,0
23,2,202508,20250801,42277.68,1,0
24,2,202508,20250801,42277.68,1,0
25,2,202508,20250801,42277.68,1,0
26,2,202508,20250801,42277.68,1,0
27,2,202508,20250801,42277.68,1,0
28,2,202508,20250801,42277.68,1,0
31,3,202508,20250801,47758.12,1,0
32,3,202508,20250801,47758.12,1,0
33,3,202508,20250801,47758.12,1,0
34,3,202508,20250801,47758.12,1,0
35,3,202508,20250801,47758.12,1,0
36,4,202508,20250801,123235.84,1,0
37,4,202508,20250801,123235.84,1,0
39,4,202508,20250801,123235.84,1,0
40,4,202508,20250801,123235.84,1,0
41,4,202508,20250801,123235.84,1,0
42,4,202508,20250801,123235.84,1,0
43,4,202508,20250801,123235.84,1,0
45,4,202508,20250801,123235.84,1,0
46,5,202508,20250801,63987.84,1,0
47,5,202508,20250801,63987.84,1,0
48,5,202508,20250801,63987.84,1,0
50,5,202508,20250801,63987.84,1,0
51,5,202508,20250801,63987.84,1,0
52,5,202508,20250801,63987.84,1,0
53,5,202508,20250801,63987.84,1,0
54,5,202508,20250801,63987.84,1,0
55,5,202508,20250801,63987.84,1,0
56,6,202508,20250801,130938.08,1,0
57,7,202508,20250801,76800.22,1,0
58,6,202508,20250801,130938.08,1,0
59,6,202508,20250801,130938.08,1,0
62,6,202508,20250801,130938.08,1,0
63,6,202508,20250801,130938.08,1,0
64,6,202508,20250801,130938.08,1,0
65,7,202508,20250801,76800.22,1,0
68,7,202508,20250801,76800.22,1,0
69,7,202508,20250801,76800.22,1,0
71,7,202508,20250801,76800.22,1,0
73,8,202508,20250801,45705.6,1,0
74,8,202508,20250801,45705.6,1,0
75,8,202508,20250801,45705.6,1,0
78,4,202508,20250801,123235.84,1,0
79,7,202508,20250801,76800.22,1,0
80,6,202508,20250801,130938.08,1,0
81,6,202508,20250801,130938.08,1,0
82,8,202508,20250801,45705.6,1,0
83,4,202508,20250801,123235.84,1,0
84,5,202508,20250801,63987.84,1,0
85,2,202508,20250801,42277.68,1,0
86,2,202508,20250801,42277.68,1,0
87,2,202508,20250801,42277.68,1,0
88,8,202508,20250801,45705.6,1,0
89,8,202508,20250801,45705.6,1,0
90,1,202508,20250801,81423.68,1,0
91,6,202508,20250801,130938.08,1,0
92,8,202508,20250801,45705.6,2,0
93,4,202508,20250801,123235.84,2,0
94,7,202508,20250801,76800.22,1,0
95,3,202508,20250801,47758.12,1,0
96,6,202508,20250801,130938.08,1,0
97,7,202508,20250801,76800.22,1,0
98,8,202508,20250801,45705.6,1,0
99,6,202508,20250801,85109.75,1,1
100,7,202508,20250801,49920.14,1,1
9,2,202509,20250901,45954.0,1,0
10,1,202509,20250901,88504.0,1,0
11,1,202509,20250901,88504.0,1,0
12,1,202509,20250901,88504.0,1,0
13,1,202509,20250901,88504.0,1,0
14,1,202509,20250901,88504.0,1,0
15,1,202509,20250901,88504.0,1,0
16,1,202509,20250901,88504.0,1,0
17,1,202509,20250901,88504.0,1,0
18,2,202509,20250901,45954.0,1,0
19,2,202509,20250901,45954.0,1,0
21,2,202509,20250901,45954.0,1,0
23,2,202509,20250901,45954.0,2,0
24,2,202509,20250901,45954.0,1,0
25,2,202509,20250901,45954.0,1,0
26,2,202509,20250901,45954.0,1,0
27,2,202509,20250901,45954.0,1,0
28,2,202509,20250901,45954.0,1,0
31,3,202509,20250901,51911.0,1,0
32,3,202509,20250901,51911.0,1,0
33,3,202509,20250901,51911.0,1,0
34,3,202509,20250901,51911.0,1,0
35,3,202509,20250901,51911.0,1,0
36,4,202509,20250901,133952.0,1,0
37,4,202509,20250901,133952.0,1,0
39,4,202509,20250901,133952.0,1,0
40,4,202509,20250901,133952.0,1,0
41,4,202509,20250901,133952.0,1,0
42,4,202509,20250901,133952.0,1,0
43,4,202509,20250901,133952.0,1,0
45,4,202509,20250901,133952.0,1,0
46,5,202509,20250901,69552.0,1,0
47,5,202509,20250901,69552.0,1,0
48,5,202509,20250901,69552.0,1,0
51,5,202509,20250901,69552.0,1,0
52,5,202509,20250901,69552.0,1,0
53,5,202509,20250901,69552.0,1,0
54,5,202509,20250901,69552.0,1,0
55,5,202509,20250901,69552.0,1,0
56,6,202509,20250901,142324.0,1,0
57,7,202509,20250901,83478.5,1,0
58,6,202509,20250901,142324.0,1,0
59,6,202509,20250901,142324.0,1,0
62,6,202509,20250901,142324.0,1,0
63,6,202509,20250901,142324.0,1,0
64,6,202509,20250901,142324.0,1,0
65,7,202509,20250901,83478.5,1,0
68,7,202509,20250901,83478.5,2,0
69,7,202509,20250901,83478.5,2,0
71,7,202509,20250901,83478.5,1,0
73,8,202509,20250901,49680.0,1,0
74,8,202509,20250901,49680.0,1,0
75,8,202509,20250901,49680.0,1,0
78,4,202509,20250901,133952.0,1,0
79,7,202509,20250901,83478.5,1,0
80,6,202509,20250901,142324.0,1,0
81,6,202509,20250901,142324.0,1,0
82,8,202509,20250901,49680.0,1,0
83,4,202509,20250901,133952.0,1,0
84,5,202509,20250901,69552.0,1,0
85,2,202509,20250901,45954.0,1,0
86,2,202509,20250901,45954.0,1,0
87,2,202509,20250901,45954.0,2,0
88,8,202509,20250901,49680.0,1,0
89,8,202509,20250901,49680.0,1,0
90,1,202509,20250901,88504.0,1,0
91,7,202509,20250901,83478.5,1,0
92,8,202509,20250901,49680.0,1,0
93,4,202509,20250901,133952.0,1,0
94,7,202509,20250901,83478.5,1,0
95,3,202509,20250901,51911.0,1,0
96,6,202509,20250901,142324.0,1,0
97,7,202509,20250901,83478.5,1,0
98,8,202509,20250901,49680.0,1,0
99,6,202509,20250901,120975.4,1,1
100,7,202509,20250901,70956.72,1,1
101,3,202509,20250901,20764.4,1,1
9,2,202510,20251001,47792.16,1,0
10,1,202510,20251001,92044.16,1,0
11,1,202510,20251001,92044.16,1,0
12,1,202510,20251001,92044.16,1,0
13,1,202510,20251001,92044.16,1,0
14,1,202510,20251001,92044.16,1,0
15,1,202510,20251001,92044.16,1,0
16,1,202510,20251001,92044.16,1,0
17,1,202510,20251001,92044.16,1,0
18,2,202510,20251001,47792.16,1,0
19,2,202510,20251001,47792.16,1,0
21,2,202510,20251001,47792.16,1,0
23,2,202510,20251001,47792.16,1,0
24,2,202510,20251001,47792.16,1,0
25,2,202510,20251001,47792.16,1,0
26,2,202510,20251001,47792.16,1,0
27,2,202510,20251001,47792.16,1,0
28,2,202510,20251001,47792.16,1,0
31,3,202510,20251001,53987.44,2,0
32,3,202510,20251001,53987.44,1,0
33,3,202510,20251001,53987.44,1,0
35,3,202510,20251001,53987.44,1,0
36,4,202510,20251001,139310.08,1,0
37,4,202510,20251001,139310.08,1,0
39,4,202510,20251001,139310.08,1,0
40,4,202510,20251001,139310.08,1,0
41,4,202510,20251001,139310.08,1,0
42,4,202510,20251001,139310.08,2,0
43,4,202510,20251001,139310.08,1,0
45,4,202510,20251001,139310.08,1,0
46,5,202510,20251001,72334.08,1,0
47,5,202510,20251001,72334.08,1,0
48,5,202510,20251001,72334.08,1,0
51,5,202510,20251001,72334.08,1,0
52,5,202510,20251001,72334.08,1,0
53,5,202510,20251001,72334.08,1,0
54,5,202510,20251001,72334.08,1,0
55,5,202510,20251001,72334.08,1,0
56,6,202510,20251001,148016.96,1,0
57,7,202510,20251001,86817.64,1,0
58,6,202510,20251001,148016.96,1,0
59,6,202510,20251001,148016.96,1,0
62,6,202510,20251001,148016.96,1,0
63,6,202510,20251001,148016.96,1,0
64,6,202510,20251001,148016.96,1,0
65,7,202510,20251001,86817.64,1,0
68,7,202510,20251001,86817.64,1,0
69,7,202510,20251001,86817.64,1,0
71,7,202510,20251001,86817.64,1,0
73,8,202510,20251001,51667.2,1,0
74,8,202510,20251001,51667.2,1,0
75,8,202510,20251001,51667.2,1,0
78,4,202510,20251001,139310.08,1,0
79,7,202510,20251001,86817.64,1,0
80,6,202510,20251001,148016.96,1,0
81,6,202510,20251001,148016.96,1,0
82,8,202510,20251001,51667.2,1,0
83,4,202510,20251001,139310.08,1,0
84,5,202510,20251001,72334.08,1,0
85,2,202510,20251001,47792.16,2,0
86,2,202510,20251001,47792.16,1,0
87,2,202510,20251001,47792.16,1,0
88,8,202510,20251001,51667.2,1,0
89,8,202510,20251001,51667.2,1,0
90,1,202510,20251001,92044.16,1,0
91,7,202510,20251001,86817.64,1,0
92,8,202510,20251001,51667.2,1,0
93,4,202510,20251001,139310.08,1,0
94,7,202510,20251001,86817.64,1,0
95,3,202510,20251001,53987.44,2,0
96,6,202510,20251001,148016.96,1,0
97,7,202510,20251001,86817.64,1,0
98,8,202510,20251001,51667.2,1,0
99,6,202510,20251001,148016.96,1,0
100,7,202510,20251001,86817.64,1,0
101,3,202510,20251001,35091.84,1,1
102,6,202510,20251001,59206.78,1,1
9,2,202511,20251101,49630.32,1,0
10,1,202511,20251101,95584.32,1,0
11,1,202511,20251101,95584.32,1,0
12,1,202511,20251101,95584.32,1,0
13,1,202511,20251101,95584.32,2,0
14,1,202511,20251101,95584.32,1,0
15,1,202511,20251101,95584.32,1,0
16,1,202511,20251101,95584.32,1,0
17,1,202511,20251101,95584.32,2,0
18,2,202511,20251101,49630.32,1,0
19,2,202511,20251101,49630.32,1,0
21,2,202511,20251101,49630.32,1,0
23,2,202511,20251101,49630.32,1,0
24,2,202511,20251101,49630.32,1,0
25,2,202511,20251101,49630.32,1,0
26,2,202511,20251101,49630.32,1,0
27,2,202511,20251101,49630.32,1,0
28,2,202511,20251101,49630.32,2,0
31,3,202511,20251101,56063.88,1,0
32,3,202511,20251101,56063.88,1,0
33,3,202511,20251101,56063.88,1,0
35,3,202511,20251101,56063.88,1,0
36,4,202511,20251101,144668.16,1,0
37,4,202511,20251101,144668.16,1,0
39,4,202511,20251101,144668.16,1,0
40,4,202511,20251101,144668.16,1,0
41,4,202511,20251101,144668.16,1,0
42,4,202511,20251101,144668.16,1,0
43,4,202511,20251101,144668.16,1,0
45,4,202511,20251101,144668.16,1,0
46,5,202511,20251101,75116.16,1,0
47,5,202511,20251101,75116.16,1,0
48,5,202511,20251101,75116.16,1,0
51,5,202511,20251101,75116.16,1,0
52,5,202511,20251101,75116.16,1,0
53,5,202511,20251101,75116.16,1,0
54,5,202511,20251101,75116.16,1,0
55,5,202511,20251101,75116.16,1,0
56,6,202511,20251101,153709.92,1,0
57,7,202511,20251101,90156.78,1,0
58,6,202511,20251101,153709.92,1,0
59,6,202511,20251101,153709.92,1,0
62,6,202511,20251101,153709.92,1,0
63,6,202511,20251101,153709.92,1,0
64,6,202511,20251101,153709.92,1,0
65,7,202511,20251101,90156.78,1,0
68,7,202511,20251101,90156.78,1,0
69,7,202511,20251101,90156.78,1,0
71,7,202511,20251101,90156.78,1,0
73,8,202511,20251101,53654.4,1,0
74,8,202511,20251101,53654.4,1,0
75,8,202511,20251101,53654.4,1,0
78,4,202511,20251101,144668.16,1,0
79,7,202511,20251101,90156.78,1,0
80,6,202511,20251101,153709.92,2,0
81,6,202511,20251101,153709.92,1,0
82,8,202511,20251101,53654.4,1,0
83,4,202511,20251101,144668.16,1,0
84,5,202511,20251101,75116.16,1,0
85,2,202511,20251101,49630.32,1,0
86,2,202511,20251101,49630.32,1,0
87,2,202511,20251101,49630.32,1,0
88,8,202511,20251101,53654.4,1,0
89,8,202511,20251101,53654.4,1,0
90,1,202511,20251101,95584.32,1,0
91,7,202511,20251101,90156.78,1,0
92,8,202511,20251101,53654.4,1,0
93,4,202511,20251101,144668.16,1,0
94,7,202511,20251101,90156.78,1,0
95,3,202511,20251101,56063.88,1,0
96,6,202511,20251101,153709.92,1,0
97,7,202511,20251101,90156.78,1,0
98,8,202511,20251101,53654.4,1,0
99,6,202511,20251101,153709.92,1,0
100,7,202511,20251101,90156.78,1,0
101,3,202511,20251101,47654.3,1,1
102,6,202511,20251101,99911.45,1,1
103,3,202511,20251101,22425.55,1,1
9,2,202512,20251201,52387.56,1,0
10,1,202512,20251201,100894.56,1,0
11,1,202512,20251201,100894.56,1,0
12,1,202512,20251201,100894.56,1,0
13,1,202512,20251201,100894.56,1,0
14,1,202512,20251201,100894.56,1,0
15,1,202512,20251201,100894.56,1,0
16,1,202512,20251201,100894.56,1,0
17,1,202512,20251201,100894.56,1,0
18,2,202512,20251201,52387.56,1,0
19,2,202512,20251201,52387.56,1,0
21,2,202512,20251201,52387.56,1,0
23,2,202512,20251201,52387.56,2,0
24,2,202512,20251201,52387.56,1,0
25,2,202512,20251201,52387.56,1,0
26,2,202512,20251201,52387.56,1,0
27,2,202512,20251201,52387.56,1,0
28,2,202512,20251201,52387.56,2,0
31,3,202512,20251201,59178.54,1,0
32,3,202512,20251201,59178.54,1,0
33,3,202512,20251201,59178.54,1,0
35,3,202512,20251201,59178.54,1,0
36,4,202512,20251201,152705.28,2,0
37,4,202512,20251201,152705.28,1,0
39,4,202512,20251201,152705.28,1,0
40,4,202512,20251201,152705.28,1,0
41,4,202512,20251201,152705.28,1,0
42,4,202512,20251201,152705.28,1,0
43,4,202512,20251201,152705.28,1,0
45,4,202512,20251201,152705.28,1,0
46,5,202512,20251201,79289.28,1,0
47,5,202512,20251201,79289.28,1,0
48,5,202512,20251201,79289.28,1,0
51,5,202512,20251201,79289.28,1,0
52,5,202512,20251201,79289.28,1,0
53,5,202512,20251201,79289.28,1,0
54,5,202512,20251201,79289.28,1,0
55,5,202512,20251201,79289.28,1,0
56,6,202512,20251201,162249.36,1,0
57,7,202512,20251201,95165.49,1,0
58,6,202512,20251201,162249.36,1,0
59,6,202512,20251201,162249.36,1,0
62,6,202512,20251201,162249.36,1,0
63,6,202512,20251201,162249.36,1,0
64,6,202512,20251201,162249.36,1,0
65,7,202512,20251201,95165.49,1,0
68,7,202512,20251201,95165.49,1,0
69,7,202512,20251201,95165.49,1,0
71,7,202512,20251201,95165.49,1,0
73,8,202512,20251201,56635.2,1,0
74,8,202512,20251201,56635.2,2,0
75,8,202512,20251201,56635.2,1,0
78,4,202512,20251201,152705.28,1,0
79,7,202512,20251201,95165.49,1,0
80,6,202512,20251201,162249.36,1,0
81,6,202512,20251201,162249.36,1,0
82,8,202512,20251201,56635.2,1,0
83,4,202512,20251201,152705.28,1,0
84,5,202512,20251201,79289.28,1,0
85,2,202512,20251201,52387.56,1,0
86,2,202512,20251201,52387.56,1,0
87,2,202512,20251201,52387.56,1,0
88,8,202512,20251201,56635.2,1,0
89,8,202512,20251201,56635.2,1,0
90,1,202512,20251201,100894.56,1,0
91,7,202512,20251201,95165.49,1,0
92,8,202512,20251201,56635.2,1,0
93,4,202512,20251201,152705.28,1,0
94,7,202512,20251201,95165.49,1,0
95,3,202512,20251201,59178.54,1,0
96,6,202512,20251201,162249.36,1,0
97,7,202512,20251201,95165.49,1,0
98,8,202512,20251201,56635.2,1,0
99,6,202512,20251201,162249.36,1,0
100,7,202512,20251201,95165.49,1,0
101,3,202512,20251201,59178.54,1,0
102,6,202512,20251201,137911.96,1,1
103,3,202512,20251201,38466.05,2,1
104,5,202512,20251201,31715.71,1,1
