team_key,month_key,date_key,planned_headcount,plan,team_id,team_name,country_code,department_code,actual,gross_margin,allocated_target,active_reps,ramping_reps,commission,year,achievement,plan_achievement,variance_to_target,variance_to_plan,capacity_gap,vacant_seats,commission_to_revenue,ytd_actual,ytd_target,ytd_plan,ytd_achievement,mom_growth,team_rank
1,202401,20240101,9,609523.2,T01,Egypt Enterprise,EG,ENT,498158.1,230478.1,609523.2000000001,9,0,4481.018075000001,2024,0.81729145010395,0.8172914501039501,-111365.1000000001,-111365.09999999998,-1.1641532182693481e-10,0,0.008995172566701216,498158.1,609523.2000000001,609523.2,0.81729145010395,,7.0
1,202402,20240201,9,658008.0,T01,Egypt Enterprise,EG,ENT,603233.95,298786.95,658008.0,9,0,6359.958375,2024,0.9167577749814592,0.9167577749814592,-54774.05000000005,-54774.05000000005,0.0,0,0.010543104172104373,1101392.0499999998,1267531.2000000002,1267531.2,0.8689269739474654,0.2109287192158473,8.0
1,202403,20240301,9,692640.0,T01,Egypt Enterprise,EG,ENT,853968.71,419725.71,692640.0,9,0,10630.535474999999,2024,1.232918557981058,1.232918557981058,161328.70999999996,161328.70999999996,0.0,0,0.012448389912318917,1955360.7599999998,1960171.2000000002,1960171.2,0.9975459082349539,0.4156509427229685,2.0
1,202404,20240401,9,692640.0,T01,Egypt Enterprise,EG,ENT,611782.48,301113.48,692640.0,9,0,4129.5906,2024,0.8832618387618387,0.8832618387618387,-80857.52000000002,-80857.52000000002,0.0,0,0.00675009621066625,2567143.2399999998,2652811.2,2652811.2,0.9677067256048978,-0.28360082420350036,6.0
1,202405,20240501,9,692640.0,T01,Egypt Enterprise,EG,ENT,680337.81,315377.81,692640.0,9,0,6167.415325,2024,0.9822386954261955,0.9822386954261955,-12302.189999999944,-12302.189999999944,0.0,0,0.009065225001973652,3247481.05,3345451.2,3345451.2,0.9707154150088931,0.11205834138957375,7.0
1,202406,20240601,9,720345.6,T01,Egypt Enterprise,EG,ENT,586229.53,284839.53,720345.6,9,0,3646.0974,2024,0.8138170483723369,0.8138170483723369,-134116.06999999995,-134116.06999999995,0.0,0,0.006219573074048317,3833710.58,4065796.8,4065796.8,0.9429174079727743,-0.13832581199624935,8.0
1,202407,20240701,9,658008.0,T01,Egypt Enterprise,EG,ENT,648291.32,327537.32,658008.0,9,0,4466.350475,2024,0.9852331886542413,0.9852331886542413,-9716.680000000051,-9716.680000000051,0.0,0,0.006889418903526273,4482001.9,4723804.8,4723804.8,0.9488118349005447,0.10586602486572097,4.0
1,202408,20240801,9,637228.8,T01,Egypt Enterprise,EG,ENT,454844.56,232755.56,637228.7999999999,9,0,1939.775975,2024,0.7137853154157503,0.7137853154157502,-182384.23999999993,-182384.24000000005,1.1641532182693481e-10,0,0.0042647008353798935,4936846.46,5361033.6,5361033.6,0.9208758661762538,-0.2983948018924578,6.0
1,202409,20240901,9,692640.0,T01,Egypt Enterprise,EG,ENT,739524.65,352075.15,692640.0,9,0,8825.389874999999,2024,1.0676897811272812,1.0676897811272812,46884.65000000002,46884.65000000002,0.0,0,0.01193386843156614,5676371.109999999,6053673.6,6053673.6,0.9376737969486825,0.6258843460719856,4.0
1,202410,20241001,9,720345.6,T01,Egypt Enterprise,EG,ENT,880296.66,411377.66,720345.6,9,0,7660.168199999999,2024,1.2220476671197826,1.2220476671197826,159951.06000000006,159951.06000000006,0.0,0,0.008701803094425007,6556667.77,6774019.2,6774019.2,0.9679139631018464,0.19035472313194698,2.0
1,202411,20241101,9,748051.2,T01,Egypt Enterprise,EG,ENT,658651.26,319936.76,748051.2000000001,9,0,6658.28005,2024,0.8804895440312106,0.8804895440312107,-89399.94000000006,-89399.93999999994,-1.1641532182693481e-10,0,0.01010896122782791,7215319.03,7522070.4,7522070.4,0.9592198219787998,-0.25178489260654474,8.0
1,202412,20241201,9,789609.6,T01,Egypt Enterprise,EG,ENT,840502.13,409014.63,701875.2,8,0,6158.3447,2024,1.1975093720365102,1.0644527751435646,138626.93000000005,50892.53000000003,87734.40000000002,1,0.007326982859638916,8055821.16,8223945.6,8311680.0,0.9795567178849044,0.2760958356019846,4.0
1,202501,20250101,9,700951.68,T01,Egypt Enterprise,EG,ENT,746782.7,368519.2,623068.16,8,0,7515.85175,2025,1.198556992544764,1.0653839933731237,123714.53999999992,45831.0199999999,77883.52000000002,1,0.010064308867894235,746782.7,623068.16,700951.68,1.198556992544764,-0.11150409577189299,1.0
1,202502,20250201,9,756709.2,T01,Egypt Enterprise,EG,ENT,668382.64,317744.64,706261.92,9,1,5774.561625,2025,0.9463665264580596,0.8832754246941891,-37879.28000000003,-88326.55999999994,50447.27999999991,0,0.008639604441252394,1415165.3399999999,1329330.08,1457660.88,1.0645703134920408,-0.10498376569248316,4.0
1,202503,20250301,9,796536.0,T01,Egypt Enterprise,EG,ENT,554286.6,283788.6,765559.6,9,1,3464.3495,2025,0.7240280181974075,0.695871373045286,-211273.0,-242249.40000000002,30976.400000000023,0,0.006250105090038258,1969451.94,2094889.6800000002,2254196.88,0.940122030674188,-0.17070467299988526,5.0
1,202504,20250401,9,796536.0,T01,Egypt Enterprise,EG,ENT,432360.8,210507.3,708032.0,9,1,3010.287,2025,0.610651495977583,0.5428013297578514,-275671.2,-364175.2,88504.0,0,0.006962442016019954,2401812.7399999998,2802921.68,3050732.88,0.8568961298982851,-0.21996887530746728,8.0
1,202505,20250501,9,796536.0,T01,Egypt Enterprise,EG,ENT,632684.42,308270.42,796536.0,9,0,4253.376275,2025,0.7942948215774304,0.7942948215774304,-163851.57999999996,-163851.57999999996,0.0,0,0.006722745401253913,3034497.16,3599457.68,3847268.88,0.8430428775037022,0.46332512105630314,7.0
1,202506,20250601,9,828397.44,T01,Egypt Enterprise,EG,ENT,825146.69,409710.69,828397.4400000001,9,0,8423.809975,2025,0.9960758570185826,0.9960758570185828,-3250.7500000001164,-3250.75,-1.1641532182693481e-10,0,0.010208863559762932,3859643.8499999996,4427855.12,4675666.32,0.871673472911643,0.3041994775215105,3.0
1,202507,20250701,9,756709.2,T01,Egypt Enterprise,EG,ENT,730839.03,342433.03,756709.2000000001,9,0,5626.350100000001,2025,0.9658122697596381,0.9658122697596383,-25870.170000000042,-25870.169999999925,-1.1641532182693481e-10,0,0.007698480607966436,4590482.88,5184564.32,5432375.52,0.8854134304577399,-0.11429199334242003,2.0
1,202508,20250801,9,732813.12,T01,Egypt Enterprise,EG,ENT,478945.85,221216.85,732813.1199999999,9,0,4347.518174999999,2025,0.653571609089095,0.6535716090890948,-253867.2699999999,-253867.27000000002,1.1641532182693481e-10,0,0.009077264527921057,5069428.7299999995,5917377.44,6165188.64,0.8567019395673363,-0.3446630101296041,7.0
1,202509,20250901,9,796536.0,T01,Egypt Enterprise,EG,ENT,721249.79,353573.29,796536.0,9,0,7180.2558500000005,2025,0.9054829787981963,0.9054829787981963,-75286.20999999996,-75286.20999999996,0.0,0,0.009955296971386293,5790678.52,6713913.44,6961724.64,0.8624893025132596,0.5059109291791547,6.0
1,202510,20251001,9,828397.44,T01,Egypt Enterprise,EG,ENT,673295.3099999999,313402.31,828397.4400000001,9,0,4662.783675,2025,0.8127684580966352,0.8127684580966353,-155102.13000000012,-155102.13,-1.1641532182693481e-10,0,0.006925317324726352,6463973.83,7542310.88,7790122.08,0.8570282944900304,-0.06648803322355226,8.0
1,202511,20251101,9,860258.88,T01,Egypt Enterprise,EG,ENT,857862.74,416140.24,860258.8800000001,9,0,9488.682374999999,2025,0.9972146291590734,0.9972146291590736,-2396.1400000001304,-2396.140000000014,-1.1641532182693481e-10,0,0.011060839843679419,7321836.57,8402569.76,8650380.959999999,0.8713806346309941,0.2741255245042477,4.0
1,202512,20251201,9,908051.04,T01,Egypt Enterprise,EG,ENT,596918.98,293765.98,908051.04,9,0,3569.01635,2025,0.6573628063902663,0.6573628063902663,-311132.06000000006,-311132.06000000006,0.0,0,0.005979063272539935,7918755.55,9310620.8,9558432.0,0.8505077932075162,-0.3041789179467102,8.0
2,202401,20240101,11,386812.8,T02,Egypt SME,EG,SME,394866.74,190039.24,386812.80000000005,11,0,3870.4794500000003,2024,1.020821286162195,1.0208212861621953,8053.939999999944,8053.940000000002,-5.820766091346741e-11,0,0.00980198902039711,394866.74,386812.80000000005,386812.8,1.020821286162195,,1.0
2,202402,20240201,11,417582.0,T02,Egypt SME,EG,SME,493216.67,234202.17,417582.0,11,0,5196.1161,2024,1.1811253119147855,1.1811253119147855,75634.66999999998,75634.66999999998,0.0,0,0.010535159121852065,888083.4099999999,804394.8,804394.8,1.1040392230282938,0.24907119298019376,1.0
2,202403,20240301,11,439560.0,T02,Egypt SME,EG,SME,476915.85,221092.35,439560.0,11,0,3817.64555,2024,1.0849846437346438,1.0849846437346438,37355.84999999998,37355.84999999998,0.0,0,0.008004861968835804,1364999.26,1243954.8,1243954.8,1.0973061561400783,-0.033050018362112556,3.0
2,202404,20240401,11,439560.0,T02,Egypt SME,EG,SME,493608.47,241062.97,399600.0,11,0,4947.99885,2024,1.2352564314314314,1.1229603922103921,94008.46999999997,54048.46999999997,39960.0,0,0.010024136842708555,1858607.73,1643554.8,1683514.8,1.1308462182094567,0.035001185219572795,1.0
2,202405,20240501,11,439560.0,T02,Egypt SME,EG,SME,478545.07,228044.07,439560.0,11,0,4665.929475,2024,1.088691122941123,1.088691122941123,38985.07000000001,38985.07000000001,0.0,0,0.009750240400554121,2337152.8,2083114.8,2123074.8,1.1219510321754709,-0.03051689935547493,4.0
2,202406,20240601,11,457142.4,T02,Egypt SME,EG,SME,486763.58999999997,221028.59,457142.4,11,0,5057.611725000001,2024,1.0647964179214178,1.0647964179214178,29621.189999999944,29621.189999999944,0.0,0,0.01039028355633584,2823916.3899999997,2540257.2,2580217.2,1.1116655392217762,0.017173972767079097,7.0
2,202407,20240701,11,417582.0,T02,Egypt SME,EG,SME,400746.59,184872.09,417582.0,11,0,2865.488225,2024,0.9596835831046358,0.9596835831046358,-16835.409999999974,-16835.409999999974,0.0,0,0.007150374567129816,3224662.98,2957839.2,2997799.2,1.0902090215046172,-0.17671206673449003,5.0
2,202408,20240801,11,404395.2,T02,Egypt SME,EG,SME,423004.34,197726.84,404395.19999999995,11,0,4289.53985,2024,1.0460172128650391,1.046017212865039,18609.140000000072,18609.140000000014,5.820766091346741e-11,0,0.010140652103002063,3647667.32,3362234.4,3402194.4,1.0848938194196098,0.055540709653948646,3.0
2,202409,20240901,11,439560.0,T02,Egypt SME,EG,SME,416209.55,197562.05,399600.0,11,0,3681.2137000000002,2024,1.0415654404404404,0.9468776731276731,16609.54999999999,-23350.45000000001,39960.0,0,0.008844616131465508,4063876.87,3761834.4,3841754.4,1.080291272258024,-0.01606316852446487,6.0
2,202410,20241001,11,457142.4,T02,Egypt SME,EG,SME,359281.27,172859.27,374025.60000000003,9,0,3024.44955,2024,0.9605793560654672,0.785928564053564,-14744.330000000016,-97861.13,83116.79999999999,2,0.00841805516329866,4423158.14,4135860.0,4298896.8,1.0694651511414797,-0.13677792832961178,6.0
2,202411,20241101,11,474724.8,T02,Egypt SME,EG,SME,350372.62,154876.12,388411.2,9,0,2886.664425,2024,0.9020662123028378,0.7380541737023218,-38038.580000000016,-124352.18,86313.59999999998,2,0.008238841336974332,4773530.76,4524271.2,4773621.6,1.0550938590949188,-0.024795754034158315,7.0
2,202412,20241201,11,501098.4,T02,Egypt SME,EG,SME,535636.6,248607.6,473765.76,11,1,5481.401475000001,2024,1.1305937347604014,1.068924985591652,61870.83999999997,34538.19999999995,27332.640000000014,0,0.010233433404289402,5309167.359999999,4998036.96,5274720.0,1.0622505200521766,0.5287627212423162,6.0
2,202501,20250101,12,485274.24,T02,Egypt SME,EG,SME,492006.28,217228.78,463032.50999999995,13,3,4509.8031,2025,1.062573943242128,1.0138726506480131,28973.770000000077,6732.040000000037,22241.73000000004,0,0.009166149464596264,492006.28,463032.50999999995,485274.24,1.062573943242128,-0.08145507607209804,3.0
2,202502,20250201,12,523875.6,T02,Egypt SME,EG,SME,526064.85,235776.85,530424.03,13,3,5483.7696000000005,2025,0.9917817071749181,1.0041789501171652,-4359.180000000051,2189.25,-6548.430000000051,0,0.010424132309923388,1018071.13,993456.54,1009149.84,1.0247767154464553,0.06922385218335007,3.0
2,202503,20250301,12,551448.0,T02,Egypt SME,EG,SME,513380.36,239890.86,583615.8,13,2,3704.9613249999998,2025,0.8796546632219346,0.9309678519098809,-70235.44000000006,-38067.640000000014,-32167.800000000047,0,0.007216795993130707,1531451.49,1577072.34,1560597.8399999999,0.9710724430053728,-0.024112027252913764,3.0
2,202504,20250401,12,551448.0,T02,Egypt SME,EG,SME,522599.56,244855.56,597402.0,13,0,3622.1558250000003,2025,0.8747870947870948,0.947686019352686,-74802.44,-28848.440000000002,-45954.0,0,0.006931034968724429,2054051.05,2174474.34,2112045.84,0.9446195856236226,0.01795783539518343,6.0
2,202505,20250501,12,551448.0,T02,Egypt SME,EG,SME,605093.12,286103.12,597402.0,13,0,5902.825575,2025,1.0128742789612355,1.0972804688746718,7691.119999999995,53645.119999999995,-45954.0,0,0.009755234987632977,2659144.17,2771876.34,2663493.84,0.9593300147004393,0.15785233343862745,5.0
2,202506,20250601,12,573505.92,T02,Egypt SME,EG,SME,595680.88,279595.88,621298.0800000001,13,0,3637.234225,2025,0.9587682614438466,1.0386656165641672,-25617.20000000007,22174.959999999963,-47792.16000000003,0,0.006106011368033166,3254825.05,3393174.42,3236999.76,0.9592271563806024,-0.015555027298938701,5.0
2,202507,20250701,12,523875.6,T02,Egypt SME,EG,SME,456671.23,218096.73,567531.9,13,0,3685.95125,2025,0.8046617820073197,0.8717169305079298,-110860.67000000004,-67204.37,-43656.30000000005,0,0.008071345440351037,3711496.28,3960706.3200000003,3760875.36,0.937079394465177,-0.2333626185886645,6.0
2,202508,20250801,12,507332.16,T02,Egypt SME,EG,SME,499442.48,235119.48,549609.84,13,0,3682.3552,2025,0.9087218671339654,0.9844486893951292,-50167.359999999986,-7889.679999999993,-42277.67999999999,0,0.007372931513554874,4210938.76,4510316.16,4268207.52,0.9336238548740671,0.09365873562913084,1.0
2,202509,20250901,12,551448.0,T02,Egypt SME,EG,SME,612038.15,282456.65,597402.0,13,0,5685.397325,2025,1.0244996668909714,1.1098746391318854,14636.150000000023,60590.15000000002,-45954.0,0,0.009289285847622406,4822976.91,5107718.16,4819655.52,0.94425274827615,0.2254427176478862,3.0
2,202510,20251001,12,573505.92,T02,Egypt SME,EG,SME,565648.7,249689.2,621298.0800000001,13,0,3757.6292750000002,2025,0.9104304651963513,0.9862996706293806,-55649.38000000012,-7857.2200000000885,-47792.16000000003,0,0.006643044127918972,5388625.609999999,5729016.24,5393161.44,0.9405848027409326,-0.07579503009738865,4.0
2,202511,20251101,12,595563.84,T02,Egypt SME,EG,SME,588253.93,271677.93,645194.16,13,0,3920.000025,2025,0.9117471398067212,0.987726068123948,-56940.22999999998,-7309.909999999916,-49630.320000000065,0,0.0066637889270030025,5976879.54,6374210.4,5988725.28,0.9376658699562223,0.039963373026403314,6.0
2,202512,20251201,12,628650.72,T02,Egypt SME,EG,SME,693797.53,321196.53,681038.28,13,0,6206.006825,2025,1.0187349968051722,1.10362957987227,12759.25,65146.810000000056,-52387.560000000056,0,0.008944982587355132,6670677.07,7055248.680000001,6617376.0,0.945491416753293,0.17941843584453396,4.0
3,202401,20240101,7,278062.4,T03,Egypt Channel,EG,CHN,221943.57,73952.57,278062.39999999997,7,0,2018.2078499999998,2024,0.7981790058634323,0.798179005863432,-56118.82999999996,-56118.830000000016,5.820766091346741e-11,0,0.009093337779508546,221943.57,278062.39999999997,278062.4,0.7981790058634323,,8.0
3,202402,20240201,7,300181.0,T03,Egypt Channel,EG,CHN,331435.35,105768.35,300181.0,7,0,2858.7162,2024,1.1041183485963468,1.1041183485963468,31254.349999999977,31254.349999999977,0.0,0,0.00862526040146291,553378.9199999999,578243.3999999999,578243.4,0.9569999761346174,0.49333161577963247,5.0
3,202403,20240301,7,315980.0,T03,Egypt Channel,EG,CHN,420479.29,127994.29,315980.0,7,0,4980.87105,2024,1.3307148870181655,1.3307148870181655,104499.28999999998,104499.28999999998,0.0,0,0.011845698869021587,973858.21,894223.3999999999,894223.4,1.0890547149627263,0.2686615655209983,1.0
3,202404,20240401,7,315980.0,T03,Egypt Channel,EG,CHN,261799.65,74049.65,315980.0,7,0,2529.64905,2024,0.828532343819229,0.828532343819229,-54180.350000000006,-54180.350000000006,0.0,0,0.009662537936930015,1235657.8599999999,1210203.4,1210203.4,1.021033208136748,-0.37737801545469696,8.0
3,202405,20240501,7,315980.0,T03,Egypt Channel,EG,CHN,307453.33,100684.83,315980.0,7,0,2250.229375,2024,0.9730151591872904,0.9730151591872904,-8526.669999999984,-8526.669999999984,0.0,0,0.0073189299169405635,1543111.19,1526183.4,1526183.4,1.0110915830954523,0.1743840375646034,8.0
3,202406,20240601,7,328619.2,T03,Egypt Channel,EG,CHN,406362.47000000003,141733.97,328619.2,7,0,5255.415575,2024,1.2365755561452283,1.2365755561452283,77743.27000000002,77743.27000000002,0.0,0,0.012932827125989267,1949473.66,1854802.6,1854802.6,1.0510410433972865,0.3217045656978248,4.0
3,202407,20240701,7,300181.0,T03,Egypt Channel,EG,CHN,369645.23,123029.23,300181.0,7,0,2419.1760999999997,2024,1.2314078172835723,1.2314078172835723,69464.22999999998,69464.22999999998,0.0,0,0.0065445889833341,2319118.89,2154983.6,2154983.6,1.0761654473843791,-0.09035588350469483,2.0
3,202408,20240801,7,290701.6,T03,Egypt Channel,EG,CHN,308399.36,90974.36,290701.60000000003,7,0,2893.178175,2024,1.0608794722836061,1.0608794722836064,17697.75999999995,17697.76000000001,-5.820766091346741e-11,0,0.009381271656983985,2627518.25,2445685.2,2445685.2,1.0743485097755017,-0.16568824653844444,2.0
3,202409,20240901,7,315980.0,T03,Egypt Channel,EG,CHN,298327.96,114688.46,315980.0,7,0,2412.57075,2024,0.944135578201152,0.944135578201152,-17652.03999999998,-17652.03999999998,0.0,0,0.00808697498551594,2925846.21,2761665.2,2761665.2,1.059450005018711,-0.03265700681090897,7.0
3,202410,20241001,7,328619.2,T03,Egypt Channel,EG,CHN,334786.26,109703.76,328619.2,7,0,3775.3806749999994,2024,1.0187665845452731,1.0187665845452731,6167.059999999998,6167.059999999998,0.0,0,0.011276988114745208,3260632.4699999997,3090284.4,3090284.4,1.0551237517168321,0.12220879330251172,4.0
3,202411,20241101,7,341258.4,T03,Egypt Channel,EG,CHN,428663.06,133864.06,341258.39999999997,7,0,4694.015775,2024,1.256124567190141,1.2561245671901409,87404.66000000003,87404.65999999997,5.820766091346741e-11,0,0.010950362214556112,3689295.53,3431542.8,3431542.8,1.0751127830898686,0.28040816250941714,2.0
3,202412,20241201,7,360217.2,T03,Egypt Channel,EG,CHN,398677.0,141640.0,360217.2,7,0,2272.498025,2024,1.1067683608667216,1.1067683608667216,38459.79999999999,38459.79999999999,0.0,0,0.005700098137088419,4087972.53,3791760.0,3791760.0,1.0781200629786696,-0.06995251701884458,7.0
3,202501,20250101,7,319771.76,T03,Egypt Channel,EG,CHN,254425.86,94099.86,319771.76,7,0,1027.8378,2025,0.7956483086561489,0.7956483086561489,-65345.90000000002,-65345.90000000002,0.0,0,0.004039832271766714,254425.86,319771.76,319771.76,0.7956483086561489,-0.36182458481427326,7.0
3,202502,20250201,7,345208.15,T03,Egypt Channel,EG,CHN,191565.06,63361.56,345208.14999999997,7,0,606.1587,2025,0.5549262379813455,0.5549262379813454,-153643.08999999997,-153643.09000000003,5.820766091346741e-11,0,0.003164244565266756,445990.92,664979.9099999999,664979.91,0.6706832992894478,-0.2470692248028561,8.0
3,202503,20250301,7,363377.0,T03,Egypt Channel,EG,CHN,203577.33,50915.33,363377.0,7,0,604.10875,2025,0.5602372467162203,0.5602372467162203,-159799.67,-159799.67,0.0,0,0.002967465729116302,649568.25,1028356.9099999999,1028356.91,0.6316564255886608,0.06270595483330828,8.0
3,202504,20250401,7,363377.0,T03,Egypt Channel,EG,CHN,420183.99,122225.49,311466.0,6,0,4671.99,2025,1.349052512954865,1.1563307253898842,108717.98999999999,56806.98999999999,51911.0,1,0.011118914835379615,1069752.24,1339822.91,1391733.9100000001,0.798428084798162,1.0640018709352363,1.0
3,202505,20250501,7,363377.0,T03,Egypt Channel,EG,CHN,369367.11,131311.61000000002,332230.4,7,1,4527.175675,2025,1.111779987623047,1.0164845601125,37136.70999999996,5990.109999999986,31146.599999999977,0,0.012256574969547237,1439119.35,1672053.31,1755110.9100000001,0.8606898723821192,-0.12093959124906212,3.0
3,202506,20250601,7,377912.08,T03,Egypt Channel,EG,CHN,337044.22,103527.72,359016.48,7,1,3447.9168749999994,2025,0.9387987426092529,0.8918588154154796,-21972.26000000001,-40867.860000000044,18895.600000000035,0,0.010229865015931736,1776163.5699999998,2031069.79,2133022.99,0.874496572567307,-0.08750884722789751,6.0
3,202507,20250701,7,345208.15,T03,Egypt Channel,EG,CHN,161987.23,51486.23,288495.38,6,1,935.539725,2025,0.561489858173812,0.46924509169322914,-126508.15,-183220.92,56712.77000000002,1,0.005775391831812915,1938150.8,2319565.17,2478231.14,0.835566435065931,-0.5193887911799822,8.0
3,202508,20250801,7,334306.84,T03,Egypt Channel,EG,CHN,199704.99,72364.49,286548.72000000003,6,0,888.0635000000001,2025,0.6969320609772746,0.5973703379805211,-86843.73000000004,-134601.85000000003,47758.119999999995,1,0.004446876865720782,2137855.79,2606113.89,2812537.98,0.8203232399793549,0.23284403344634005,5.0
3,202509,20250901,7,363377.0,T03,Egypt Channel,EG,CHN,304448.83,105643.83,332230.4,7,1,2417.7787499999995,2025,0.916378603523338,0.8378318660784805,-27781.570000000007,-58928.169999999984,31146.599999999977,0,0.007941494634746993,2442304.62,2938344.29,3175914.98,0.8311839522386262,0.5244928531830879,4.0
3,202510,20251001,7,377912.08,T03,Egypt Channel,EG,CHN,294561.05,92199.55,305029.04000000004,6,1,2410.58835,2025,0.9656819888362104,0.7794433297818899,-10467.990000000049,-83351.03000000003,72883.03999999998,1,0.008183662945253625,2736865.67,3243373.33,3553827.06,0.8438330687019616,-0.03247764164506734,2.0
3,202511,20251101,7,392447.16,T03,Egypt Channel,EG,CHN,372432.26,130996.76,350399.25,7,2,4165.0848750000005,2025,1.0628797293373202,0.9489997583368931,22033.01000000001,-20014.899999999965,42047.909999999974,0,0.011183469646265338,3109297.93,3593772.58,3946274.22,0.8651905096343075,0.2643635674166697,3.0
3,202512,20251201,7,414249.78,T03,Egypt Channel,EG,CHN,379973.15,124838.15,393537.29000000004,7,1,4129.869000000001,2025,0.965532770731841,0.9172561298644504,-13564.140000000014,-34276.630000000005,20712.48999999999,0,0.010868844285444906,3489271.08,3987309.87,4360524.0,0.8750940342642595,0.020247682088549507,5.0
4,202401,20240101,10,1025024.0,T04,KSA Enterprise,SA,ENT,996354.35,443181.85,1025024.0,10,0,8932.70265,2024,0.9720302646572178,0.9720302646572178,-28669.650000000023,-28669.650000000023,0.0,0,0.00896538731426224,996354.35,1025024.0,1025024.0,0.9720302646572178,,2.0
4,202402,20240201,10,1106560.0,T04,KSA Enterprise,SA,ENT,1228902.14,597760.14,1106560.0,10,0,12410.85255,2024,1.110560782967033,1.110560782967033,122342.1399999999,122342.1399999999,0.0,0,0.010099138203144476,2225256.4899999998,2131584.0,2131584.0,1.0439450145994715,0.23339867989736776,4.0
4,202403,20240301,10,1164800.0,T04,KSA Enterprise,SA,ENT,741139.5599999999,358995.56,1048320.0,9,0,3914.115075,2024,0.7069783653846153,0.6362805288461538,-307180.44000000006,-423660.44000000006,116480.0,1,0.005281211915067657,2966396.05,3179904.0,3296384.0,0.9328571082649035,-0.3969092119898172,8.0
4,202404,20240401,10,1164800.0,T04,KSA Enterprise,SA,ENT,908278.45,470282.95,1048320.0,9,0,8365.21565,2024,0.866413356608669,0.7797720209478022,-140041.55000000005,-256521.55000000005,116480.0,1,0.009209968209638797,3874674.5,4228224.0,4461184.0,0.9163834508294736,0.22551608228819958,7.0
4,202405,20240501,10,1164800.0,T04,KSA Enterprise,SA,ENT,1180940.78,576767.28,1094912.0,10,1,11499.018575,2024,1.0785714103051205,1.0138571256868132,86028.78000000003,16140.780000000028,69888.0,0,0.009737167832412392,5055615.279999999,5323136.0,5625984.0,0.9497437750979872,0.30019685042621025,5.0
4,202406,20240601,10,1211392.0,T04,KSA Enterprise,SA,ENT,1182206.6,569034.6,1047854.08,9,1,10900.0481,2024,1.1282168219452848,0.9759075509826712,134352.52000000014,-29185.399999999907,163537.92000000004,1,0.009220087334988655,6237821.88,6370990.08,6837376.0,0.9790977229083991,0.0010718742391130445,5.0
4,202407,20240701,10,1106560.0,T04,KSA Enterprise,SA,ENT,759529.0,362589.5,979305.6,9,1,8800.434225,2024,0.7755791450595197,0.6863875433776749,-219776.59999999998,-347031.0,127254.40000000002,1,0.011586699421615238,6997350.88,7350295.68,7943936.0,0.9519822310059778,-0.35753276965295244,7.0
4,202408,20240801,10,1071616.0,T04,KSA Enterprise,SA,ENT,868292.9600000001,426745.96,964454.4,9,0,6797.52315,2024,0.9002944670064236,0.8102650203057813,-96161.43999999994,-203323.03999999992,107161.59999999998,1,0.00782860562407416,7865643.84,8314750.08,9015552.0,0.9459868022876281,0.1431992195163056,5.0
4,202409,20240901,10,1164800.0,T04,KSA Enterprise,SA,ENT,1147413.76,532975.76,1094912.0,10,1,10777.7503,2024,1.0479506663549216,0.9850736263736264,52501.76000000001,-17386.23999999999,69888.0,0,0.009393080923136218,9013057.6,9409662.08,10180352.0,0.9578513578247434,0.3214592457366001,5.0
4,202410,20241001,10,1211392.0,T04,KSA Enterprise,SA,ENT,1122913.57,512765.57,1168993.28,10,1,9232.045825,2024,0.9605817152344965,0.9269613552012892,-46079.70999999996,-88478.42999999993,42398.71999999997,0,0.008221510605664867,10135971.17,10578655.36,11391744.0,0.958153075704321,-0.02135253284743591,5.0
4,202411,20241101,10,1257984.0,T04,KSA Enterprise,SA,ENT,1373505.15,661016.65,1239114.24,10,1,11527.505249999998,2024,1.1084572395843018,1.0918303809905372,134390.90999999992,115521.1499999999,18869.76000000001,0,0.00839276449018047,11509476.32,11817769.6,12649728.0,0.9739127356146798,0.2231619482521703,4.0
4,202412,20241201,10,1327872.0,T04,KSA Enterprise,SA,ENT,1217318.23,591010.23,1327872.0,10,0,10218.58635,2024,0.9167436545088683,0.9167436545088683,-110553.77000000002,-110553.77000000002,0.0,0,0.008394342660916201,12726794.55,13145641.6,13977600.0,0.9681379530383668,-0.11371411312145421,8.0
4,202501,20250101,11,1296655.36,T04,KSA Enterprise,SA,ENT,1209989.37,584661.87,1178777.5999999999,10,0,11169.898549999998,2025,1.0264780820402426,0.9331618927638567,31211.77000000025,-86665.98999999999,117877.76000000024,1,0.009231402214715322,1209989.37,1178777.5999999999,1296655.36,1.0264780820402426,-0.006020496382445426,4.0
4,202502,20250201,11,1399798.4,T04,KSA Enterprise,SA,ENT,1073102.87,501417.87,1272544.0,10,0,8589.671999999999,2025,0.8432736864108432,0.7666124421916757,-199441.1299999999,-326695.5299999998,127254.3999999999,1,0.008004518709375921,2283092.24,2451321.5999999996,2696453.76,0.9313719750195162,-0.11313033270697245,5.0
4,202503,20250301,11,1473472.0,T04,KSA Enterprise,SA,ENT,1301455.46,651573.96,1339520.0,10,0,10621.8917,2025,0.9715834478021977,0.8832576798201798,-38064.54000000004,-172016.54000000004,133952.0,1,0.008161548379073996,3584547.7,3790841.5999999996,4169925.76,0.9455809760027959,0.21279655136883552,2.0
4,202504,20250401,11,1473472.0,T04,KSA Enterprise,SA,ENT,1536143.47,768192.97,1393100.8,11,1,18232.68745,2025,1.1026793394993384,1.0425331937084654,143042.66999999993,62671.46999999997,80371.19999999995,0,0.011869130589735868,5120691.17,5183942.4,5643397.76,0.987798624074218,0.18032734673839704,3.0
4,202505,20250501,11,1473472.0,T04,KSA Enterprise,SA,ENT,1016625.22,500360.22,1426588.8,11,1,5662.8892,2025,0.7126266657918525,0.6899521809712027,-409963.5800000001,-456846.78,46883.19999999995,0,0.00557028203569453,6137316.390000001,6610531.2,7116869.76,0.9284150099768079,-0.3381964381230615,8.0
4,202506,20250601,11,1532410.88,T04,KSA Enterprise,SA,ENT,1371784.6,652412.6,1511514.3699999999,11,1,14687.6621,2025,0.9075564395725859,0.8951806711265324,-139729.7699999998,-160626.2799999998,20896.51000000001,0,0.010706974039510283,7509100.99,8122045.57,8649280.64,0.9245332256859031,0.34935133716238137,7.0
4,202507,20250701,11,1399798.4,T04,KSA Enterprise,SA,ENT,1107305.71,521030.71,1399798.4,11,0,11717.890275,2025,0.7910465607047416,0.7910465607047416,-292492.68999999994,-292492.68999999994,0.0,0,0.010582344305801511,8616406.7,9521843.969999999,10049079.04,0.9049094615651426,-0.19279913916514307,7.0
4,202508,20250801,11,1355594.24,T04,KSA Enterprise,SA,ENT,1085360.85,533572.35,1355594.24,11,0,6773.376,2025,0.8006531880808229,0.8006531880808229,-270233.3899999999,-270233.3899999999,0.0,0,0.006240667331975352,9701767.55,10877438.209999999,11404673.28,0.8919165857527773,-0.019818248747222544,3.0
4,202509,20250901,11,1473472.0,T04,KSA Enterprise,SA,ENT,1219791.95,579110.95,1473472.0,11,0,7929.538825,2025,0.827835174336533,0.827835174336533,-253680.05000000005,-253680.05000000005,0.0,0,0.006500730575406732,10921559.5,12350910.209999999,12878145.28,0.8842716297263084,0.12385843841704798,8.0
4,202510,20251001,11,1532410.88,T04,KSA Enterprise,SA,ENT,1278589.61,648717.61,1532410.88,11,0,9895.07545,2025,0.8343647429597996,0.8343647429597996,-253821.2699999998,-253821.2699999998,0.0,0,0.007739055106196271,12200149.11,13883321.09,14410556.16,0.878763015773483,0.04820302347461807,7.0
4,202511,20251101,11,1591349.76,T04,KSA Enterprise,SA,ENT,1497202.3800000001,704794.38,1591349.76,11,0,15591.938175,2025,0.9408380342483604,0.9408380342483604,-94147.37999999989,-94147.37999999989,0.0,0,0.01041404848354569,13697351.49,15474670.85,16001905.92,0.8851465483674569,0.17097962339925474,5.0
4,202512,20251201,11,1679758.08,T04,KSA Enterprise,SA,ENT,2078077.85,996334.35,1679758.08,11,0,25480.04095,2025,1.2371292478021596,1.2371292478021596,398319.77,398319.77,0.0,0,0.012261350531213255,15775429.34,17154428.93,17681664.0,0.9196126204126575,0.3879739157240719,2.0
5,202401,20240101,10,532224.0,T05,KSA SME,SA,SME,435692.36,195820.36,532224.0,10,0,3624.8433999999997,2024,0.8186259169071669,0.8186259169071669,-96531.64000000001,-96531.64000000001,0.0,0,0.008319731381105696,435692.36,532224.0,532224.0,0.8186259169071669,,6.0
5,202402,20240201,10,574560.0,T05,KSA SME,SA,SME,671760.37,309938.37,574560.0,10,0,7206.736525,2024,1.1691735763018658,1.1691735763018658,97200.37,97200.37,0.0,0,0.010728135875297319,1107452.73,1106784.0,1106784.0,1.0006042100355625,0.5418226980156365,3.0
5,202403,20240301,10,604800.0,T05,KSA SME,SA,SME,588893.91,265158.91,604800.0,10,0,5518.549150000001,2024,0.9737002480158731,0.9737002480158731,-15906.089999999967,-15906.089999999967,0.0,0,0.009371041296725247,1696346.6400000001,1711584.0,1711584.0,0.9910975096752482,-0.12335717273705796,5.0
5,202404,20240401,10,604800.0,T05,KSA SME,SA,SME,706169.19,314364.69,604800.0,10,0,7649.335174999999,2024,1.1676077876984126,1.1676077876984126,101369.18999999994,101369.18999999994,0.0,0,0.010832156490712942,2402515.83,2316384.0,2316384.0,1.0371837441460483,0.19914500389382514,2.0
5,202405,20240501,10,604800.0,T05,KSA SME,SA,SME,678168.67,297288.67,604800.0,10,0,6860.014225,2024,1.1213106316137567,1.1213106316137567,73368.67000000004,73368.67000000004,0.0,0,0.01011549858975349,3080684.5,2921184.0,2921184.0,1.0546013191911225,-0.039651290932134695,2.0
5,202406,20240601,10,628992.0,T05,KSA SME,SA,SME,679572.76,321469.26,628992.0,10,0,7219.074874999999,2024,1.0804155855718356,1.0804155855718356,50580.76000000001,50580.76000000001,0.0,0,0.010622960924743362,3760257.26,3550176.0,3550176.0,1.0591748859774839,0.0020704141345839044,6.0
5,202407,20240701,10,574560.0,T05,KSA SME,SA,SME,390982.53,171537.03,574560.0,10,0,1836.6581999999999,2024,0.6804903404344195,0.6804903404344195,-183577.46999999997,-183577.46999999997,0.0,0,0.0046975454376439775,4151239.79,4124736.0,4124736.0,1.0064255724487579,-0.4246642110846232,8.0
5,202408,20240801,10,556416.0,T05,KSA SME,SA,SME,386777.85,184899.35,556416.0,10,0,1747.048075,2024,0.6951235226880607,0.6951235226880607,-169638.15000000002,-169638.15000000002,0.0,0,0.004516928968398785,4538017.64,4681152.0,4681152.0,0.969423261624489,-0.010754137787179522,7.0
5,202409,20240901,10,604800.0,T05,KSA SME,SA,SME,623359.54,276864.04,544320.0,9,0,6871.381275,2024,1.1452078556731335,1.0306870701058202,79039.54000000004,18559.540000000037,60480.0,1,0.011023142879950147,5161377.18,5225472.0,5285952.0,0.9877341568378895,0.6116733158323313,2.0
5,202410,20241001,10,628992.0,T05,KSA SME,SA,SME,538769.76,244334.76,566092.7999999999,9,0,5612.8913999999995,2024,0.9517339913173248,0.8565605921855922,-27323.03999999992,-90222.23999999999,62899.20000000007,1,0.010417977801872175,5700146.94,5791564.8,5914944.0,0.9842153436667066,-0.1356998242138077,7.0
5,202411,20241101,10,653184.0,T05,KSA SME,SA,SME,775123.62,359133.62,548674.56,10,1,8785.885225,2024,1.4127201742322442,1.1866849463550853,226449.05999999994,121939.62,104509.43999999994,0,0.011334818083598071,6475270.5600000005,6340239.36,6568128.0,1.0212974924656473,0.4386917706739888,1.0
5,202412,20241201,10,689472.0,T05,KSA SME,SA,SME,865834.29,396687.79,665340.48,10,1,9481.047574999999,2024,1.3013401649633585,1.2557932591896408,200493.81000000006,176362.29000000004,24131.52000000002,0,0.010950187217694968,7341104.85,7005579.84,7257600.0,1.047893967046702,0.11702735881019861,2.0
5,202501,20250101,10,612057.6,T05,KSA SME,SA,SME,572778.32,255979.82,602876.74,10,1,4181.568125,2025,0.9500753338070398,0.9358242100089925,-30098.420000000042,-39279.28000000003,9180.859999999986,0,0.00730049999972066,572778.32,602876.74,612057.6,0.9500753338070398,-0.3384665788646464,5.0
5,202502,20250201,10,660744.0,T05,KSA SME,SA,SME,779517.28,350726.27999999997,660744.0,10,0,9116.924174999998,2025,1.179756880123013,1.179756880123013,118773.28000000003,118773.28000000003,0.0,0,0.011695602405375797,1352295.6,1263620.74,1272801.6,1.0701752172886938,0.3609406166071371,1.0
5,202503,20250301,10,695520.0,T05,KSA SME,SA,SME,751362.84,350139.34,695520.0,10,0,6675.190575,2025,1.08028933747412,1.08028933747412,55842.83999999997,55842.83999999997,0.0,0,0.008884110604937556,2103658.44,1959140.74,1968321.6,1.0737658592102985,-0.036117788177832386,1.0
5,202504,20250401,10,695520.0,T05,KSA SME,SA,SME,771947.9,351690.9,695520.0,10,0,8277.515824999999,2025,1.1098859845870717,1.1098859845870717,76427.90000000002,76427.90000000002,0.0,0,0.010722894414247385,2875606.34,2654660.74,2663841.6,1.0832293169032212,0.027396963097083768,2.0
5,202505,20250501,10,695520.0,T05,KSA SME,SA,SME,773076.1,372367.6,695520.0,10,0,7627.734149999999,2025,1.1115080802852542,1.1115080802852542,77556.09999999998,77556.09999999998,0.0,0,0.009866731295922871,3648682.44,3350180.74,3359361.6,1.08910017792055,0.001461497595886916,4.0
5,202506,20250601,10,723340.8,T05,KSA SME,SA,SME,1044973.99,467590.99,723340.8,10,0,10472.462174999999,2025,1.4446495897922527,1.4446495897922527,321633.18999999994,321633.18999999994,0.0,0,0.010021744345043458,4693656.43,4073521.54,4082702.4,1.1522355740384767,0.3517090878892777,1.0
5,202507,20250701,10,660744.0,T05,KSA SME,SA,SME,575382.14,264223.14,660744.0,10,0,4500.3867,2025,0.8708094814330513,0.8708094814330513,-85361.85999999999,-85361.85999999999,0.0,0,0.007821561336610135,5269038.57,4734265.54,4743446.4,1.1129579710900628,-0.4493813764685186,3.0
5,202508,20250801,10,639878.4,T05,KSA SME,SA,SME,455496.69,207236.69,639878.3999999999,10,0,1293.702725,2025,0.7118488294025866,0.7118488294025864,-184381.7099999999,-184381.71000000002,1.1641532182693481e-10,0,0.002840202252622297,5724535.26,5374143.9399999995,5383324.8,1.0651994669126783,-0.20835796189294303,4.0
5,202509,20250901,10,695520.0,T05,KSA SME,SA,SME,801275.99,359757.49,625968.0,10,0,5025.857375,2025,1.2800590285765407,1.1520531257188866,175307.99,105755.98999999999,69552.0,0,0.0062723174508199095,6525811.25,6000111.9399999995,6078844.8,1.087614917064364,0.759125823724427,1.0
5,202510,20251001,10,723340.8,T05,KSA SME,SA,SME,756230.78,349455.28,651006.72,9,0,6650.205,2025,1.1616328323001028,1.0454695490700925,105224.06000000006,32889.97999999998,72334.08000000007,1,0.008793882999578515,7282042.03,6651118.66,6802185.6,1.094859737474598,-0.056216847331217255,1.0
5,202511,20251101,10,751161.6,T05,KSA SME,SA,SME,818872.71,381805.71,676045.4400000001,9,0,8474.242575,2025,1.2112687425271293,1.0901418682744166,142827.2699999999,67711.10999999999,75116.15999999992,1,0.01034866893414973,8100914.74,7327164.1,7553347.2,1.1056002881114675,0.08283440935847643,2.0
5,202512,20251201,10,792892.8,T05,KSA SME,SA,SME,877299.04,390443.04,745319.23,10,1,9078.066975,2025,1.177078229955237,1.1064535331888496,131979.81000000006,84406.23999999999,47573.570000000065,0,0.010347745251151761,8978213.78,8072483.33,8346240.0,1.1121997299931246,0.07134970952933585,3.0
6,202401,20240101,9,980179.2,T06,UAE Enterprise,AE,ENT,802520.81,370884.81,980179.2000000001,9,0,5845.40345,2024,0.8187490715983363,0.8187490715983364,-177658.39,-177658.3899999999,-1.1641532182693481e-10,0,0.007283802958330762,802520.81,980179.2000000001,980179.2,0.8187490715983363,,5.0
6,202402,20240201,9,1058148.0,T06,UAE Enterprise,AE,ENT,1061136.64,497335.14,1058148.0,9,0,9047.92825,2024,1.0028244064157377,1.0028244064157377,2988.6399999998976,2988.6399999998976,0.0,0,0.008526638237654297,1863657.45,2038327.2000000002,2038327.2,0.914307305519938,0.3222543599835122,7.0
6,202403,20240301,9,1113840.0,T06,UAE Enterprise,AE,ENT,1031847.81,470565.81,990080.0,8,0,9015.2335,2024,1.0421862980769232,0.9263878205128205,41767.810000000056,-81992.18999999994,123760.0,1,0.008736979826511431,2895505.26,3028407.2,3152167.2,0.9561149042308443,-0.027601374691952816,4.0
6,202404,20240401,9,1113840.0,T06,UAE Enterprise,AE,ENT,1059799.43,486851.43,990080.0,8,0,5569.2,2024,1.0704179763251453,0.9514826456223514,69719.42999999993,-54040.570000000065,123760.0,1,0.005254956591173105,3955304.69,4018487.2,4266007.2,0.9842770408724955,0.02708889792575116,4.0
6,202405,20240501,9,1113840.0,T06,UAE Enterprise,AE,ENT,988075.03,481200.52999999997,990080.0,8,0,6949.3270250000005,2024,0.9979749414188752,0.887088836816778,-2004.969999999972,-125764.96999999997,123760.0,1,0.007033197696535252,4943379.72,5008567.2,5379847.2,0.9869848047561386,-0.06767733400271778,6.0
6,202406,20240601,9,1158393.6,T06,UAE Enterprise,AE,ENT,1449139.74,692170.24,1081167.3599999999,9,1,18731.119174999996,2024,1.3403472890635546,1.250990803125984,367972.3800000001,290746.1399999999,77226.24000000022,0,0.01292568180829821,6392519.46,6089734.5600000005,6538240.8,1.0497205415140458,0.46662924980504766,2.0
6,202407,20240701,9,1058148.0,T06,UAE Enterprise,AE,ENT,826215.39,410641.89,1016997.8,9,1,5363.557675,2024,0.812406270692031,0.7808126934984521,-190782.41000000003,-231932.61,41150.19999999995,0,0.006491718430710907,7218734.85,7106732.36,7596388.8,1.0157600545970187,-0.42985802735628514,6.0
6,202408,20240801,9,1024732.8,T06,UAE Enterprise,AE,ENT,685193.22,331909.72000000003,1007653.9199999999,9,1,5290.8008,2024,0.6799886413382881,0.6686554973159832,-322460.69999999995,-339539.5800000001,17078.88000000012,0,0.007721618728218005,7903928.07,8114386.28,8621121.6,0.9740635702149492,-0.17068451121444256,8.0
6,202409,20240901,9,1113840.0,T06,UAE Enterprise,AE,ENT,790926.24,387085.24,1113840.0,9,0,4988.19505,2024,0.7100896358543417,0.7100896358543417,-322913.76,-322913.76,0.0,0,0.00630677653329595,8694854.31,9228226.28,9734961.6,0.9422021140556602,0.15431124668746726,8.0
6,202410,20241001,9,1158393.6,T06,UAE Enterprise,AE,ENT,1300054.35,598518.85,1158393.5999999999,9,0,12588.347674999999,2024,1.1222906877247942,1.122290687724794,141660.75000000023,141660.75,2.3283064365386963e-10,0,0.009682939544027522,9994908.66,10386619.879999999,10893355.2,0.9622869398778846,0.6437112391163051,3.0
6,202411,20241101,9,1202947.2,T06,UAE Enterprise,AE,ENT,1291268.35,624151.85,1202947.2,9,0,12009.6258,2024,1.0734206372482518,1.0734206372482518,88321.15000000014,88321.15000000014,0.0,0,0.009300642891154266,11286177.01,11589567.08,12096302.4,0.9738221395237828,-0.006758178994593572,5.0
6,202412,20241201,9,1269777.6,T06,UAE Enterprise,AE,ENT,1676130.7,777203.2,1269777.5999999999,9,0,18852.536675,2024,1.3200191120082763,1.320019112008276,406353.1000000001,406353.09999999986,2.3283064365386963e-10,0,0.011247653106646159,12962307.71,12859344.68,13366080.0,1.0080068644679956,0.2980498592720869,1.0
6,202501,20250101,10,1252451.2,T06,UAE Enterprise,AE,ENT,933563.31,445528.31,1127206.08,9,0,4971.7564,2025,0.828209966717,0.7453889700453,-193642.77000000002,-318887.8899999999,125245.11999999988,1,0.005325569617769147,933563.31,1127206.08,1252451.2,0.828209966717,-0.4430247533799124,6.0
6,202502,20250201,10,1352078.0,T06,UAE Enterprise,AE,ENT,989775.42,464574.92,1216870.2,9,0,6109.9493,2025,0.8133779757282248,0.7320401781554023,-227094.7799999999,-362302.57999999996,135207.80000000005,1,0.006173066310335328,1923338.73,2344076.2800000003,2604529.2,0.8205102992638106,0.06021242415792881,6.0
6,202503,20250301,10,1423240.0,T06,UAE Enterprise,AE,ENT,779169.68,365270.68,1195521.6,9,1,4630.614675,2025,0.6517403616965181,0.5474619038250752,-416351.92000000004,-644070.32,227718.3999999999,1,0.005943011893121918,2702508.41,3539597.88,4027769.2,0.7635071840420472,-0.2127813398316155,7.0
6,202504,20250401,10,1423240.0,T06,UAE Enterprise,AE,ENT,841721.35,427128.85,1231102.6,9,1,6749.777925,2025,0.6837134045529593,0.5914120949383097,-389381.2500000001,-581518.65,192137.3999999999,1,0.008019017130787998,3544229.7600000002,4770700.48,5451009.2,0.7429160088457283,0.08027990770893437,7.0
6,202505,20250501,10,1423240.0,T06,UAE Enterprise,AE,ENT,1081692.98,493019.98,1316497.0,10,2,7807.70355,2025,0.8216448499312949,0.7600214861864478,-234804.02000000002,-341547.02,106743.0,0,0.007218040326008217,4625922.74,6087197.48,6874249.2,0.7599429384702663,0.2850962851304651,6.0
6,202506,20250601,10,1480169.6,T06,UAE Enterprise,AE,ENT,1369573.28,659928.28,1428363.66,10,1,10100.79825,2025,0.9588407478806904,0.9252813191137015,-58790.37999999989,-110596.32000000007,51805.94000000018,0,0.007375142606462065,5995496.0200000005,7515561.140000001,8354418.8,0.7977442945797125,0.26613864129912357,4.0
6,202507,20250701,10,1352078.0,T06,UAE Enterprise,AE,ENT,1195182.0,570802.0,1385879.95,11,2,11349.70015,2025,0.862399373048149,0.8839593573743527,-190697.94999999995,-156896.0,-33801.94999999995,0,0.00949621074447239,7190678.0200000005,8901441.09,9706496.8,0.8078105496960606,-0.12733256595076098,4.0
6,202508,20250801,10,1309380.8,T06,UAE Enterprise,AE,ENT,1212177.93,551798.43,1394490.55,11,1,10919.5327,2025,0.8692622047528396,0.9257642467340287,-182312.6200000001,-97202.87000000011,-85109.75,0,0.009008192963882786,8402855.95,10295931.64,11015877.6,0.8161336189679673,0.014220369784685457,2.0
6,202509,20250901,10,1423240.0,T06,UAE Enterprise,AE,ENT,1271952.93,627260.4299999999,1401891.4,10,1,13075.607474999999,2025,0.907312028592229,0.8937023481633456,-129938.46999999997,-151287.07000000007,21348.600000000093,0,0.010279946031493476,9674808.88,11697823.04,12439117.6,0.8270606288809103,0.0493120675774059,5.0
6,202510,20251001,10,1480169.6,T06,UAE Enterprise,AE,ENT,1294546.29,629202.29,1539376.38,11,1,9439.374575,2025,0.8409550171219335,0.8745932155342199,-244830.08999999985,-185623.31000000006,-59206.779999999795,0,0.0072916470024412955,10969355.17,13237199.42,13919287.2,0.8286764308639538,0.017762732776597404,6.0
6,202511,20251101,10,1537099.2,T06,UAE Enterprise,AE,ENT,1309332.31,613833.8099999999,1637010.6500000001,11,1,8192.9172,2025,0.7998312717146953,0.8518203054168528,-327678.3400000001,-227766.8899999999,-99911.45000000019,0,0.006257324544293877,12278687.48,14874210.07,15456386.4,0.8255018197413424,0.011421777741142048,8.0
6,202512,20251201,10,1622493.6,T06,UAE Enterprise,AE,ENT,1602206.76,751901.26,1760405.5599999998,11,1,8838.17995,2025,0.9101350259311838,0.9874965053791275,-158198.7999999998,-20286.840000000084,-137911.95999999973,0,0.005516254312895296,13880894.24,16634615.629999999,17078880.0,0.8344583697483368,0.2236822904034194,6.0
7,202401,20240101,8,511033.6,T07,UAE Channel,AE,CHN,430596.86,143902.86000000002,511033.6,8,0,3841.688475,2024,0.8425998994978021,0.8425998994978021,-80436.73999999999,-80436.73999999999,0.0,0,0.008921775404957668,430596.86,511033.6,511033.6,0.8425998994978021,,4.0
7,202402,20240201,8,551684.0,T07,UAE Channel,AE,CHN,575282.85,186396.85,551684.0,8,0,6163.7924,2024,1.0427760275810065,1.0427760275810065,23598.849999999977,23598.849999999977,0.0,0,0.01071436841894383,1005879.71,1062717.6,1062717.6,0.9465164687213234,0.3360126453314128,6.0
7,202403,20240301,8,580720.0,T07,UAE Channel,AE,CHN,474919.04,131225.04,508130.0,7,0,4027.133275,2024,0.9346408202625311,0.8178107177297148,-33210.96000000002,-105800.96000000002,72590.0,1,0.008479620600176402,1480798.75,1570847.6,1643437.6,0.9426749927873334,-0.17445993740296623,6.0
7,202404,20240401,8,580720.0,T07,UAE Channel,AE,CHN,547143.32,165441.82,508130.0,7,0,5808.620075,2024,1.076778226044516,0.9421809477889516,39013.31999999995,-33576.68000000005,72590.0,1,0.010616267918614085,2027942.0699999998,2078977.6,2224157.6,0.9754516210275666,0.15207703611967205,3.0
7,202405,20240501,8,580720.0,T07,UAE Channel,AE,CHN,509256.79,159631.29,464576.0,7,1,5418.287125,2024,1.0961754158630665,0.8769403326904532,44680.78999999998,-71463.21000000002,116144.0,1,0.010639597215777919,2537198.86,2543553.6,2804877.6,0.9975016292166989,-0.06924425212757779,3.0
7,202406,20240601,8,603948.8,T07,UAE Channel,AE,CHN,683853.16,208586.66,456736.28,8,2,5422.01985,2024,1.4972604322126546,1.13230320186082,227116.88,79904.35999999999,147212.52000000002,0,0.007928631710936307,3221052.0199999996,3000289.88,3408826.4,1.0735802701837596,0.3428454434549612,1.0
7,202407,20240701,8,551684.0,T07,UAE Channel,AE,CHN,665606.1,224743.1,517203.75,8,2,7907.989625,2024,1.2869320843091334,1.2064988290398126,148402.34999999998,113922.09999999998,34480.25,0,0.011880885143630745,3886658.1199999996,3517493.63,3960510.4,1.1049510045594595,-0.026682716505982154,1.0
7,202408,20240801,8,534262.4,T07,UAE Channel,AE,CHN,573308.58,195922.08,524244.98000000004,8,1,4354.6913,2024,1.093589069751321,1.0730842746934839,49063.59999999992,39046.179999999935,10017.419999999984,0,0.007595719743109375,4459966.699999999,4041738.61,4494772.8,1.1034772731134137,-0.13866687820318957,1.0
7,202409,20240901,8,580720.0,T07,UAE Channel,AE,CHN,786657.45,246071.44999999998,580720.0,8,0,9863.316374999999,2024,1.3546243456398952,1.3546243456398952,205937.44999999995,205937.44999999995,0.0,0,0.012538260935557146,5246624.149999999,4622458.61,5075492.8,1.1350289083497058,0.3721361888566189,1.0
7,202410,20241001,8,603948.8,T07,UAE Channel,AE,CHN,460910.01,133642.51,603948.8,8,0,2436.25655,2024,0.763160734817256,0.763160734817256,-143038.79000000004,-143038.79000000004,0.0,0,0.005285753177719009,5707534.16,5226407.41,5679441.6,1.092056878129981,-0.41409058034090945,8.0
7,202411,20241101,8,627177.6,T07,UAE Channel,AE,CHN,748674.24,249402.24,627177.6,8,0,7508.237099999999,2024,1.1937196736618145,1.1937196736618145,121496.64000000001,121496.64000000001,0.0,0,0.010028710350712747,6456208.399999999,5853585.01,6306619.2,1.102949455584997,0.6243392934772668,3.0
7,202412,20241201,8,662020.8,T07,UAE Channel,AE,CHN,855213.32,263963.82,662020.8,8,0,11630.211275,2024,1.2918224321652731,1.2918224321652731,193192.5199999999,193192.5199999999,0.0,0,0.0135991933275782,7311421.72,6515605.8100000005,6968640.0,1.1221399718163734,0.14230365398975123,3.0
7,202501,20250101,8,587688.64,T07,UAE Channel,AE,CHN,346760.08,110296.58,587688.64,8,0,1525.921425,2025,0.5900404676871073,0.5900404676871073,-240928.56,-240928.56,0.0,0,0.004400510649899493,346760.08,587688.64,587688.64,0.5900404676871073,-0.594533817597696,8.0
7,202502,20250201,8,634436.6,T07,UAE Channel,AE,CHN,379704.68,116735.18000000001,555131.99,7,0,2621.5140499999998,2025,0.6839899102193696,0.5984911337082381,-175427.31,-254731.91999999998,79304.60999999999,1,0.0069040867497340295,726464.76,1142820.63,1222125.24,0.6356769740847259,0.0950068992947515,7.0
7,202503,20250301,8,667828.0,T07,UAE Channel,AE,CHN,385915.2,111956.7,584349.5,7,0,1853.92485,2025,0.6604184653191284,0.5778661571542373,-198434.3,-281912.8,83478.5,1,0.004803969498998744,1112379.96,1727170.13,1889953.24,0.6440477059431314,0.01635618502252861,6.0
7,202504,20250401,8,667828.0,T07,UAE Channel,AE,CHN,568173.02,202228.02,617740.9,8,1,7305.1807499999995,2025,0.9197594331215563,0.8507774756374397,-49567.880000000005,-99654.97999999998,50087.09999999998,0,0.012857317212985579,1680552.98,2344911.0300000003,2557781.24,0.7166809139023069,0.4722742716534617,5.0
7,202505,20250501,8,667828.0,T07,UAE Channel,AE,CHN,717469.23,235843.73,588523.43,8,2,9145.143624999999,2025,1.2191005377644861,1.0743323580323076,128945.79999999993,49641.22999999998,79304.56999999995,0,0.012746391402736531,2398022.21,2933434.46,3225609.24,0.8174793889889737,0.26276539846964214,2.0
7,202506,20250601,8,694541.12,T07,UAE Channel,AE,CHN,467647.96,111686.95999999999,651132.3,8,2,2685.951525,2025,0.7182072829131653,0.6733193277310925,-183484.34000000003,-226893.15999999997,43408.81999999995,0,0.005743533073468341,2865670.17,3584566.7600000002,3920150.36,0.7994467286752388,-0.3481978871762904,8.0
7,202507,20250701,8,634436.6,T07,UAE Channel,AE,CHN,560989.75,177311.75,654262.7100000001,9,2,4203.8138500000005,2025,0.857438061845218,0.884232955664916,-93272.96000000008,-73446.84999999998,-19826.110000000102,0,0.007493566237172783,3426659.92,4238829.470000001,4554586.96,0.8083976824856791,0.19959841159148856,5.0
7,202508,20250801,8,614401.76,T07,UAE Channel,AE,CHN,361280.34,123539.34,664321.9,9,1,0.0,2025,0.543833253126233,0.5880197022873112,-303041.56,-253121.41999999998,-49920.140000000014,0,0.0,3787940.26,4903151.37,5168988.72,0.7725521759692277,-0.3559947574799717,8.0
7,202509,20250901,8,667828.0,T07,UAE Channel,AE,CHN,688421.23,215592.23,822263.22,10,1,4070.987825,2025,0.8372273175492393,1.0308361284642154,-133841.99,20593.22999999998,-154435.21999999997,0,0.005913512901105622,4476361.49,5725414.59,5836816.72,0.7818405845785222,0.9055042685134761,7.0
7,202510,20251001,8,694541.12,T07,UAE Channel,AE,CHN,836740.83,241050.83,868176.4,10,0,7155.594950000001,2025,0.9637912640795119,1.2047390800993898,-31435.570000000065,142199.70999999996,-173635.28000000003,0,0.008551745885282066,5313102.32,6593590.99,6531357.84,0.8057979829288744,0.21544890473525924,3.0
7,202511,20251101,8,721254.24,T07,UAE Channel,AE,CHN,755869.17,236912.67,901567.8,10,0,6441.642199999999,2025,0.8383941507227742,1.0479926884034678,-145698.63,34614.93000000005,-180313.56000000006,0,0.008522165548834329,6068971.49,7495158.79,7252612.08,0.8097188678773809,-0.09665078731726276,7.0
7,202512,20251201,8,761323.92,T07,UAE Channel,AE,CHN,763217.1,246434.1,951654.9,10,0,4624.9286,2025,0.8019893555951847,1.002486694493981,-188437.80000000005,1893.1799999999348,-190330.97999999998,0,0.006059781155322647,6832188.59,8446813.69,8013936.0,0.808848027284949,0.009721166428841032,7.0
8,202401,20240101,5,190080.0,T08,Oman SME,OM,SME,178615.61000000002,87726.11,190080.0,5,0,1705.0552625,2024,0.9396865004208755,0.9396865004208755,-11464.389999999985,-11464.389999999985,0.0,0,0.009545947649816273,178615.61000000002,190080.0,190080.0,0.9396865004208755,,3.0
8,202402,20240201,5,205200.0,T08,Oman SME,OM,SME,241366.48,117828.98,205200.0,5,0,2529.0675625,2024,1.176249902534113,1.176249902534113,36166.48000000001,36166.48000000001,0.0,0,0.010478122573192432,419982.09,395280.0,395280.0,1.0624926381299333,0.35131795031800406,2.0
8,202403,20240301,5,216000.0,T08,Oman SME,OM,SME,154566.6,71763.1,216000.0,5,0,487.346925,2024,0.7155861111111111,0.7155861111111111,-61433.399999999994,-61433.399999999994,0.0,0,0.003152989876208702,574548.6900000001,611280.0,611280.0,0.939910826462505,-0.359618618127919,7.0
8,202404,20240401,5,216000.0,T08,Oman SME,OM,SME,191699.84,89527.84,216000.0,5,0,1367.43735,2024,0.8874992592592592,0.8874992592592592,-24300.160000000003,-24300.160000000003,0.0,0,0.007133221133622229,766248.53,827280.0,827280.0,0.9262263441640074,0.2402410352559996,5.0
8,202405,20240501,5,216000.0,T08,Oman SME,OM,SME,204784.74,97868.74,172800.0,4,0,1710.9704000000002,2024,1.185096875,0.9480774999999999,31984.73999999999,-11215.26000000001,43200.0,1,0.008354970199439666,971033.27,1000080.0,1043280.0,0.9709555935525158,0.06825722963566372,1.0
8,202406,20240601,5,224640.0,T08,Oman SME,OM,SME,239529.48,110305.98,179712.0,4,0,2617.028375,2024,1.3328518963675213,1.0662815170940172,59817.48000000001,14889.48000000001,44928.0,1,0.010925704739976056,1210562.75,1179792.0,1267920.0,1.0260815041973501,0.16966469278912102,3.0
8,202407,20240701,5,205200.0,T08,Oman SME,OM,SME,180773.4,84435.4,180576.0,5,1,1903.954975,2024,1.001093168527379,0.8809619883040936,197.39999999999418,-24426.600000000006,24624.0,0,0.010532273968404645,1391336.15,1360368.0,1473120.0,1.022764538713054,-0.24529790654578307,3.0
8,202408,20240801,5,198720.0,T08,Oman SME,OM,SME,171269.63,77604.63,184809.6,5,1,1348.65955,2024,0.9267355700136789,0.8618640801127214,-13539.970000000001,-27450.369999999995,13910.399999999994,0,0.007874481599569053,1562605.78,1545177.6,1671840.0,1.0112790788579902,-0.05257283427760937,4.0
8,202409,20240901,5,216000.0,T08,Oman SME,OM,SME,228969.19,107472.19,209520.0,5,1,2147.1653,2024,1.0928273673157693,1.0600425462962964,19449.190000000002,12969.190000000002,6480.0,0,0.009377529352311549,1791574.97,1754697.6,1887840.0,1.021016367720569,0.33689311993025267,3.0
8,202410,20241001,5,224640.0,T08,Oman SME,OM,SME,317021.69,139112.19,224640.0,5,0,2581.786225,2024,1.411243278133903,1.411243278133903,92381.69,92381.69,0.0,0,0.008143878814727156,2108596.66,1979337.6,2112480.0,1.0653042007588802,0.3845604729614495,1.0
8,202411,20241101,5,233280.0,T08,Oman SME,OM,SME,227455.63999999998,106002.64,233280.0,5,0,2273.9449624999997,2024,0.9750327503429355,0.9750327503429355,-5824.360000000015,-5824.360000000015,0.0,0,0.009997311838475405,2336052.3,2212617.6,2345760.0,1.0557867297087393,-0.282523413461079,6.0
8,202412,20241201,5,246240.0,T08,Oman SME,OM,SME,282579.57,127914.07,246240.0,5,0,3355.5406875,2024,1.147577850877193,1.147577850877193,36339.57000000001,36339.57000000001,0.0,0,0.01187467546751522,2618631.87,2458857.6,2592000.0,1.0649790658881588,0.2423502446455055,5.0
8,202501,20250101,8,349747.2,T08,Oman SME,OM,SME,277654.64,122287.14,253566.72,7,2,2514.4065625000003,2025,1.0949963780735896,0.7938723741033524,24087.920000000013,-72092.56,96180.48000000001,1,0.009055878059520274,277654.64,253566.72,349747.2,1.0949963780735896,-0.01742847156289463,2.0
8,202502,20250201,8,377568.0,T08,Oman SME,OM,SME,331037.15,152273.15,297334.8,7,2,3704.3952124999996,2025,1.113348151645889,0.8767616694211374,33702.350000000035,-46530.84999999998,80233.20000000001,1,0.011190270374488179,608691.79,550901.52,727315.2,1.1049012716465185,0.1922622650930667,2.0
8,202503,20250301,8,397440.0,T08,Oman SME,OM,SME,228779.61,108060.11,303048.0,7,3,950.13,2025,0.7549286251682902,0.5756330766908212,-74268.39000000001,-168660.39,94392.0,1,0.004153036190594084,837471.4,853949.52,1124755.2,0.9807036369081863,-0.30890049651527035,4.0
8,202504,20250401,8,397440.0,T08,Oman SME,OM,SME,331078.43,159497.43,330372.0,7,1,2235.6,2025,1.0021382865376,0.83302745068438,706.429999999993,-66361.57,67068.0,1,0.006752478559234438,1168549.83,1184321.52,1522195.2,0.9866829321821324,0.44715007600546225,4.0
8,202505,20250501,8,397440.0,T08,Oman SME,OM,SME,451392.17,205203.16999999998,360180.0,8,2,5048.1861125,2025,1.253240518629574,1.1357492200080515,91212.16999999998,53952.169999999984,37260.0,0,0.011183592556556751,1619942.0,1544501.52,1919635.2,1.0488445488872034,0.36339951231495204,1.0
8,202506,20250601,8,413337.6,T08,Oman SME,OM,SME,409361.68,196704.18,395254.07999999996,8,1,4230.29815,2025,1.0356924841863746,0.9903809380032207,14107.600000000035,-3975.9199999999837,18083.52000000002,0,0.010333888970750755,2029303.68,1939755.5999999999,2332972.8,1.0461646199139727,-0.09311302409166733,2.0
8,202507,20250701,8,377568.0,T08,Oman SME,OM,SME,422623.72000000003,207790.22,370488.6,8,1,5128.733437499999,2025,1.1407199033924391,1.119331405203831,52135.12000000005,45055.72000000003,7079.400000000023,0,0.012135460445760117,2451927.4,2310244.1999999997,2710540.8,1.0613282353441251,0.032396877011057895,1.0
8,202508,20250801,8,365644.8,T08,Oman SME,OM,SME,251830.25,118521.25,365644.8,8,0,473.1223125,2025,0.6887291983914444,0.6887291983914444,-113814.54999999999,-113814.54999999999,0.0,0,0.001878735030839226,2703757.65,2675889.0,3076185.6,1.010414725722928,-0.4041265596734609,6.0
8,202509,20250901,8,397440.0,T08,Oman SME,OM,SME,470600.97,224842.97,397440.0,8,0,4800.13585,2025,1.1840805404589372,1.1840805404589372,73160.96999999997,73160.96999999997,0.0,0,0.010200012656157508,3174358.62,3073329.0,3473625.6,1.0328730246582778,0.8687229592155826,2.0
8,202510,20251001,8,413337.6,T08,Oman SME,OM,SME,356504.19,176336.69,413337.6,8,0,2348.0129125,2025,0.8625012338582312,0.8625012338582312,-56833.409999999974,-56833.409999999974,0.0,0,0.006586214070864076,3530862.81,3486666.5999999996,3886963.2,1.0126757774890207,-0.24244909652438662,5.0
8,202511,20251101,8,429235.2,T08,Oman SME,OM,SME,541016.99,240967.99,429235.2,8,0,5377.72435,2025,1.2604208368745153,1.2604208368745153,111781.78999999998,111781.78999999998,0.0,0,0.009940028593187065,4071879.8,3915901.8,4316198.4,1.0398319487991246,0.51756137845112,1.0
8,202512,20251201,8,453081.6,T08,Oman SME,OM,SME,578249.87,254854.87,453081.6,8,0,6881.471799999999,2025,1.2762598834293868,1.2762598834293868,125168.27000000002,125168.27000000002,0.0,0,0.011900515948235319,4650129.67,4368983.399999999,4769280.0,1.0643505008510676,0.06882016773632194,1.0
