line_id,document_no,doc_type,original_document_no,document_date,rep_code,customer_code,country,sku,quantity,unit_list_price_local,discount_pct,net_amount_local,currency,exported_at,country_code,dq_failed_rules
L0013724,INV-2024-006624,INV,,2024-12-17,REP-051,CUST-00718,UAE,CL-IAAS-S,1.0,6610.5,0.1502,5617.6,EUR?,2026-01-05 06:00:00,AE,DQ-S08
L0016811,INV-2025-008131,INV,,2025-03-30,,CUST-00186,Egypt,DV-RTR,2.0,53843.79,0.0025,107418.36,EGP,2026-01-05 06:00:00,EG,DQ-S04
L0011327,INV-2024-005471,INV,,2024-11-29,,CUST-00016,Egypt,MS-HELP,1.0,231903.36,0.2061,184108.08,EGP,2026-01-05 06:00:00,EG,DQ-S04
L0020495,INV-2025-009954,INV,,2025-06-30,REP-006,CUST-00013,Egypt,DV-OLD-01,2.0,481028.16,0.1317,835353.5,EGP,2026-01-05 06:00:00,EG,DQ-S06
L0029066,INV-2025-014088,INV,,2025-12-29,REP-011,CUST-00295,Egypt,CL-BKP,1.0,60544.44,0.0463,57741.23,XXX,2026-01-05 06:00:00,EG,DQ-S08
L0028599,INV-2025-013850,INV,,2025-11-23,REP-049,CUST-00816,UAE,CL-BKP,1.0,4407.0,0.2203,3436.14,XXX,2026-01-05 06:00:00,AE,DQ-S08
L0028915,INV-2025-014024,INV,,2025-12-18,REP-002,CUST-00046,EGY,MS-HELP,-2.0,242177.76,0.1314,-420711.2,EGP,2026-01-05 06:00:00,EG,DQ-S10
L0021796,INV-2025-010585,INV,,2025-06-29,REP-066,CUST-00911,Oman,DV-AP,-5.0,173.02,0.0404,-830.15,OMR,2026-01-05 06:00:00,OM,DQ-S10
L0013168,INV-2024-006354,INV,,2026-10-21,REP-025,CUST-00344,Egypt,DV-RTR,2.0,52540.29,0.1771,86470.81,EGP,2026-01-05 06:00:00,EG,DQ-S03
L0003201,INV-2024-001567,INV,,2024-03-27,,CUST-00894,Oman,CL-PROD,2.0,576.75,0.0532,1092.13,OMR,2026-01-05 06:00:00,OM,DQ-S04
L0016987,INV-2025-008227,INV,,2025-03-31,REP-024,CUST-00334,Egypt,DV-AP,1.0,22027.0,0.2406,16727.3,XXX,2026-01-05 06:00:00,EG,DQ-S08
L0008820,INV-2024-004293,INV,,2024-08-31,,CUST-00960,Oman,CL-BKP,1.0,461.4,0.0458,440.27,OMR,2026-01-05 06:00:00,OM,DQ-S04
L0025788,INV-2025-012497,INV,,2025-09-14,REP-081,CUST-00825,Oman,CN-FIB-100,-1.0,922.8,0.024,-900.65,OMR,2026-01-05 06:00:00,OM,DQ-S10
L0024719,INV-2025-012003,INV,,2025-09-19,,CUST-00243,Egypt,MS-HELP,1.0,240295.68,0.0494,228425.07,EGP,2026-01-05 06:00:00,EG,DQ-S04
L0002007,INV-2024-000975,INV,,2024-02-01,REP-063,CUST-00791,UAE,CL-BKP,17.0,4407.0,0.1689,62265.18,,2026-01-05 06:00:00,AE,DQ-S08
L0019788,INV-2025-009607,INV,,2025-05-27,,CUST-00670,Saudi Arabia,CN-FIB-100,1.0,9000.0,0.0619,8442.9,SAR,2026-01-05 06:00:00,SA,DQ-S04
L0002047,INV-2024-000998,INV,,2024-02-24,,CUST-00850,Oman,CL-BKP,1.0,461.4,0.0345,445.48,OMR,2026-01-05 06:00:00,OM,DQ-S04
L0014063,INV-2024-006768,INV,,2024-12-30,,CUST-00869,Oman,DV-RTR,2.0,422.95,0.0354,815.96,OMR,2026-01-05 06:00:00,OM,DQ-S04
L0001704,INV-2024-000844,INV,,2024-02-03,REP-044,CUST-00530,Saudi Arabia,MS-HELP,-1.0,18000.0,0.0398,-17283.6,SAR,2026-01-05 06:00:00,SA,DQ-S10
L0024484,INV-2025-011868,INV,,2025-09-16,REP-011,CUST-00171,Egypt,DV-AP,-4.0,22527.72,0.0374,-86740.73,EGP,2026-01-05 06:00:00,EG,DQ-S10
L0008923,INV-2024-004337,INV,,2024-09-30,,CUST-00014,Egypt,CL-BKP,1.0,57884.28,0.1298,50370.9,EGP,2026-01-05 06:00:00,EG,DQ-S04
L0015850,INV-2025-007650,INV,,2025-02-03,,CUST-00428,Saudi Arabia,CY-EDR,6.0,11250.0,0.1216,59292.0,SAR,2026-01-05 06:00:00,SA,DQ-S04
L0025031,INV-2025-012129,INV,,2025-09-02,,CUST-00427,Saudi Arabia,CN-FIB-100,2.0,9000.0,0.1383,15510.6,SAR,2026-01-05 06:00:00,SA,DQ-S04
L0007545,INV-2024-003694,INV,,2024-07-27,REP-047,CUST-00647,Saudi Arabia,DV-AP,2.0,1687.5,0.0279,3280.84,,2026-01-05 06:00:00,SA,DQ-S08
L0013169,INV-2024-006354,INV,,2024-12-29,REP-025,CUST-00344,Egypt,CY-EDR,-1.0,143291.7,0.2309,-110205.65,EGP,2026-01-05 06:00:00,EG,DQ-S10
L0026356,INV-2025-012795,INV,,2025-10-29,REP-087,CUST-00367,Egypt,CL-GPU,3.0,59472.72,0.2356,136382.84,EGP,2026-01-05 06:00:00,EG,DQ-S06
L0029212,INV-2025-014176,INV,,2025-12-31,REP-019,CUST-00140,Egypt,CL-GPU,1.0,75680.55,0.0341,73099.84,EGP,2026-01-05 06:00:00,EG,DQ-S06
L0015012,INV-2025-007235,INV,,2025-01-27,REP-047,CUST-00674,Saudi Arabia,CL-PROD,-1.0,5625.0,0.04,-5400.0,SAR,2026-01-05 06:00:00,SA,DQ-S10
L0013752,INV-2024-006633,INV,,2024-12-25,REP-053,CUST-00748,UAE,MS-HELP,-1.0,17628.0,0.0549,-16660.22,AED,2026-01-05 06:00:00,AE,DQ-S10
L0009007,INV-2024-004371,INV,,2024-09-21,REP-008,CUST-00062,Egypt,DV-AP,-1.0,21706.6,0.1196,-19110.49,EGP,2026-01-05 06:00:00,EG,DQ-S10
L0002259,INV-2024-001094,INV,,2024-03-31,,CUST-00038,Egypt,CY-EDR,1.0,142239.9,0.0946,128784.01,EGP,2026-01-05 06:00:00,EG,DQ-S04
L0011929,INV-2024-005744,INV,,2024-11-19,REP-075,CUST-00439,Saudi Arabia,CY-XDR,1.0,11250.0,0.0823,10324.12,SAR,2026-01-05 06:00:00,SA,DQ-S06
L0015154,INV-2025-007293,INV,,2025-01-11,,CUST-00778,UAE,PS-TRN,1.0,5508.75,0.169,4577.77,AED,2026-01-05 06:00:00,AE,DQ-S04
L0027098,INV-2025-013130,INV,,2025-10-27,REP-089,CUST-00807,UAE,PS-IMPL,-10.0,2938.0,0.2161,-23030.98,AED,2026-01-05 06:00:00,AE,DQ-S10
L0009260,INV-2024-004507,INV,,2026-11-16,REP-021,CUST-00361,Egypt,DV-RTR,1.0,53060.59,0.2494,39827.28,EGP,2026-01-05 06:00:00,EG,DQ-S03
L0003939,INV-2024-001941,INV,,2024-04-26,REP-044,CUST-00598,Saudi Arabia,CY-XDR,1.0,9000.0,0.0582,8476.2,SAR,2026-01-05 06:00:00,SA,DQ-S06
L0000961,INV-2024-000455,INV,,2024-02-20,,CUST-00021,Egypt,CY-EDR,1.0,92700.0,0.1114,82373.22,EGP,2026-01-05 06:00:00,EG,DQ-S04
L0021730,INV-2025-010554,INV,,2025-06-24,,CUST-00792,UAE,CN-FIB-100,1.0,8814.0,0.2004,7047.67,AED,2026-01-05 06:00:00,AE,DQ-S04
L0001002,INV-2024-000471,INV,,2024-02-17,REP-007,CUST-00010,Egypt,CL-IAAS-S,-3.0,55620.0,0.1322,-144801.11,EGP,2026-01-05 06:00:00,EG,DQ-S10
L0004723,INV-2024-002335,INV,,2024-05-29,,CUST-00125,Egypt,CN-FIB-100,1.0,114923.28,0.0959,103902.14,EGP,2026-01-05 06:00:00,EG,DQ-S04
L0014482,INV-2025-006982,INV,,2025-01-29,REP-020,CUST-00138,Egypt,CL-BKP,1.0,59614.44,0.0512,56562.18,,2026-01-05 06:00:00,EG,DQ-S08
L0007602,INV-2024-003716,INV,,2024-07-08,,CUST-00729,UAE,CN-FIB-100,1.0,8814.0,0.0638,8251.67,AED,2026-01-05 06:00:00,AE,DQ-S04
L0012617,INV-2024-006081,INV,,2024-12-03,REP-002,CUST-00061,Egypt,CL-IAAS-S,-17.0,85975.02,0.1116,-1298463.53,EGP,2026-01-05 06:00:00,EG,DQ-S10
L0021338,INV-2025-010370,INV,,2025-06-03,REP-043,CUST-00572,saudi arabia,CN-FIB-100,-3.0,9000.0,0.0613,-25344.9,SAR,2026-01-05 06:00:00,SA,DQ-S10
L0013039,INV-2024-006286,INV,,2024-12-07,,CUST-00096,Egypt,CL-IAAS-S,2.0,85975.02,0.073,159397.69,EGP,2026-01-05 06:00:00,EG,DQ-S04
L0015662,INV-2025-007561,INV,,2025-02-14,,CUST-00268,Egypt,DV-AP,3.0,22100.72,0.0328,64127.45,EGP,2026-01-05 06:00:00,EG,DQ-S04
L0001579,INV-2024-000768,INV,,2026-05-14,REP-039,CUST-00661,Saudi Arabia,DV-SW48,2.0,8250.0,0.1295,14363.25,SAR,2026-01-05 06:00:00,SA,DQ-S03
L0023963,INV-2025-011646,INV,,2025-08-27,,CUST-00709,UAE,MS-HELP,1.0,17628.0,0.0649,16483.94,AED,2026-01-05 06:00:00,AE,DQ-S04
L0004125,INV-2024-002030,INV,,2024-04-03,REP-056,CUST-00719,UAE,CY-EDR,-2.0,11017.5,0.1083,-19648.61,AED,2026-01-05 06:00:00,AE,DQ-S10
L0017009,INV-2025-008237,INV,,2025-03-18,,CUST-00368,Egypt,CY-EDR,1.0,146846.7,0.2294,113160.07,EGP,2026-01-05 06:00:00,EG,DQ-S04
L0016027,INV-2025-007730,INV,,2025-02-19,REP-040,CUST-00619,Saudi Arabia,DV-RTR,5.0,4125.0,0.0,20625.0,,2026-01-05 06:00:00,SA,DQ-S08
L0006663,INV-2024-003261,INV,,2024-06-27,REP-063,CUST-00816,UAE,CY-XDR,1.0,4039.75,0.1574,3403.89,AED,2026-01-05 06:00:00,AE,DQ-S06
L0025406,INV-2025-012312,INV,,2025-09-30,REP-055,CUST-00716,UAE,CN-SDWAN,6.0,13221.0,0.1025,71195.08,XXX,2026-01-05 06:00:00,AE,DQ-S08
L0003933,INV-2024-001937,INV,,2024-04-13,,CUST-00666,Saudi Arabia,CL-IAAS-S,2.0,6750.0,0.0229,13190.85,SAR,2026-01-05 06:00:00,SA,DQ-S04
L0030075,INV-2025-014598,INV,,2026-09-19,REP-048,CUST-00772,UAE,CL-BKP,4.0,4407.0,0.1202,15509.11,AED,2026-01-05 06:00:00,AE,DQ-S03
L0008434,INV-2024-004117,INV,,2026-05-20,REP-039,CUST-00613,Saudi Arabia,CN-FIB-100,1.0,9000.0,0.0803,8277.3,SAR,2026-01-05 06:00:00,SA,DQ-S03
L0021871,INV-2025-010632,INV,,2025-06-09,REP-081,CUST-00889,Oman,CY-EDR,-1.0,1153.5,0.023,-1126.97,OMR,2026-01-05 06:00:00,OM,DQ-S10
L0010936,INV-2024-005296,INV,,2024-10-21,REP-051,CUST-00743,UAE,CL-PROD,2.0,5508.75,0.2099,8704.93,XXX,2026-01-05 06:00:00,AE,DQ-S08
L0024421,INV-2025-011838,INV,,2025-09-26,REP-082,CUST-00070,Egypt,CL-BKP,-6.0,60073.92,0.1036,-323101.57,EGP,2026-01-05 06:00:00,EG,DQ-S10
L0001942,INV-2024-000946,INV,,2024-02-21,REP-060,CUST-00811,UAE,DV-OLD-01,-1.0,11017.5,0.1881,-8945.11,AED,2026-01-05 06:00:00,AE,DQ-S06;DQ-S10
L0025141,INV-2025-012180,INV,,2025-09-12,,CUST-00525,Saudi Arabia,CL-PROD,3.0,5625.0,0.0904,15349.5,SAR,2026-01-05 06:00:00,SA,DQ-S04
L0019126,INV-2025-009258,INV,,2025-05-15,,CUST-00049,Egypt,MS-HELP,1.0,239666.4,0.1004,215603.89,EGP,2026-01-05 06:00:00,EG,DQ-S04
L0023164,INV-2025-011259,INV,,2025-07-27,REP-090,CUST-00910,Oman,PS-IMPL,1.0,307.6,0.0189,301.79,EUR?,2026-01-05 06:00:00,OM,DQ-S08
L0023215,INV-2025-011279,INV,,2025-08-16,REP-006,CUST-00067,Egypt,CY-EDR,-1.0,149589.9,0.1068,-133613.7,EGP,2026-01-05 06:00:00,EG,DQ-S10
L0001149,INV-2024-000551,INV,,2024-02-12,REP-014,CUST-00143,Egypt,CN-FIB-100,2.0,74160.0,0.0398,142416.86,,2026-01-05 06:00:00,EG,DQ-S08
L0031335,CN-2025-00336,CN,INV-2025-013187,2025-12-07,REP-080,CUST-00863,Oman,CN-FIB-100,-1.0,922.8,0.079,-849.9,XXX,2026-01-05 06:00:00,OM,DQ-S08
L0002402,INV-2024-001169,INV,,2024-03-29,REP-016,CUST-00278,Egypt,DV-RTR,-1.0,52154.63,0.1539,-44128.03,EGP,2026-01-05 06:00:00,EG,DQ-S10
L0009224,INV-2024-004490,INV,,2024-09-26,,CUST-00078,Egypt,CN-FIB-100,1.0,115768.56,0.0577,109088.71,EGP,2026-01-05 06:00:00,EG,DQ-S04
L0010353,INV-2024-005015,INV,,2024-10-08,REP-017,CUST-00221,Egypt,MS-HELP,1.0,233582.4,0.0719,216787.83,XXX,2026-01-05 06:00:00,EG,DQ-S08
L0029552,INV-2025-014351,INV,,2025-12-15,,CUST-00392,Saudi Arabia,CY-EDR,1.0,3000.0,0.1402,2579.4,USD,2026-01-05 06:00:00,SA,DQ-S04
L0000519,INV-2024-000249,INV,,2024-01-03,REP-040,CUST-00645,Saudi Arabia,CL-BKP,-1.0,4500.0,0.0298,-4365.9,SAR,2026-01-05 06:00:00,SA,DQ-S10
L0006940,INV-2024-003388,INV,,2024-07-27,REP-009,CUST-00052,Egypt,CN-FIB-100,1.0,116274.48,0.1147,102937.8,,2026-01-05 06:00:00,EG,DQ-S08
L0023359,INV-2025-011349,INV,,2025-08-08,REP-015,CUST-00287,Egypt,MS-HELP,-1.0,239343.84,0.1102,-212968.15,EGP,2026-01-05 06:00:00,EG,DQ-S10
L0025910,INV-2025-012552,INV,,2025-10-30,REP-006,CUST-00013,Egypt,CN-FIB-100,-1.0,118945.44,0.1302,-103458.74,EGP,2026-01-05 06:00:00,EG,DQ-S10
L0021091,INV-2025-010242,INV,,2025-06-07,REP-035,CUST-00406,Saudi Arabia,MS-HELP,-2.0,18000.0,0.1022,-32320.8,SAR,2026-01-05 06:00:00,SA,DQ-S10
L0028691,INV-2025-013894,INV,,2025-11-27,REP-083,CUST-00802,UAE,CL-PROD,4.0,5508.75,0.1357,19044.85,,2026-01-05 06:00:00,AE,DQ-S08
L0003722,INV-2024-001829,INV,,2026-07-22,REP-031,CUST-00416,Saudi Arabia,MS-HELP,2.0,18000.0,0.0966,32522.4,SAR,2026-01-05 06:00:00,SA,DQ-S03
L0012786,INV-2024-006141,INV,,2024-12-04,REP-009,CUST-00001,Egypt,MS-HELP,-1.0,229266.72,0.0905,-208518.08,EGP,2026-01-05 06:00:00,EG,DQ-S10
L0019127,INV-2025-009258,INV,,2025-05-15,,CUST-00049,Egypt,CY-EDR,1.0,149791.5,0.1129,132880.04,EGP,2026-01-05 06:00:00,EG,DQ-S04
L0013747,INV-2024-006632,INV,,2024-12-01,,CUST-00755,UAE,CL-BKP,9.0,4407.0,0.1604,33301.05,AED,2026-01-05 06:00:00,AE,DQ-S04
L0021885,INV-2025-010640,INV,,2025-06-10,REP-081,CUST-00926,Oman,DV-RTR,3.0,422.95,0.0473,1208.83,,2026-01-05 06:00:00,OM,DQ-S08
L0020342,INV-2025-009878,INV,,2025-05-06,REP-080,CUST-00835,Oman,DV-RTR,-3.0,422.95,0.0524,-1202.36,OMR,2026-01-05 06:00:00,OM,DQ-S10
L0009158,INV-2024-004449,INV,,2024-09-11,REP-016,CUST-00167,Egypt,MS-HELP,-1.0,231537.12,0.1442,-198149.47,EGP,2026-01-05 06:00:00,EG,DQ-S10
L0015835,INV-2025-007643,INV,,2026-08-12,REP-028,CUST-00382,Saudi Arabia,CL-IAAS-S,3.0,6750.0,0.0961,18303.98,SAR,2026-01-05 06:00:00,SA,DQ-S03
L0027187,INV-2025-013180,INV,,2025-10-31,REP-074,CUST-00969,Oman,CY-EDR,-1.0,1153.5,0.0314,-1117.28,OMR,2026-01-05 06:00:00,OM,DQ-S10
L0004662,INV-2024-002292,INV,,2026-05-19,REP-017,CUST-00290,Egypt,CY-EDR,1.0,143654.1,0.0422,137591.9,EGP,2026-01-05 06:00:00,EG,DQ-S03
L0008753,INV-2024-004259,INV,,2024-08-29,REP-063,CUST-00792,UAE,CL-GPU,15.0,1652.62,0.198,19881.02,AED,2026-01-05 06:00:00,AE,DQ-S06
L0002328,INV-2024-001125,INV,,2024-03-03,,CUST-00206,Egypt,CN-FIB-100,1.0,113791.92,0.0316,110196.1,EGP,2026-01-05 06:00:00,EG,DQ-S04
L0015598,INV-2025-007524,INV,,2025-02-16,REP-017,CUST-00205,Egypt,DV-RTR,-1.0,54023.97,0.0209,-52894.87,EGP,2026-01-05 06:00:00,EG,DQ-S10
L0002304,INV-2024-001112,INV,,2024-03-27,REP-010,CUST-00145,Egypt,CL-BKP,1.0,56895.96,0.0,56895.96,XXX,2026-01-05 06:00:00,EG,DQ-S08
L0008199,INV-2024-004009,INV,,2024-08-28,REP-022,CUST-00374,Egypt,CL-BKP,1.0,57385.92,0.1714,47549.97,EUR?,2026-01-05 06:00:00,EG,DQ-S08
L0008388,INV-2024-004094,INV,,2024-08-01,,CUST-00381,Saudi Arabia,CL-IAAS-S,3.0,6750.0,0.0929,18368.78,SAR,2026-01-05 06:00:00,SA,DQ-S04
L0016411,INV-2025-007920,INV,,2025-02-20,REP-063,CUST-00810,UAE,CN-SDWAN,1.0,13221.0,0.173,10933.77,XXX,2026-01-05 06:00:00,AE,DQ-S08
L0010435,INV-2024-005063,INV,,2024-10-29,REP-020,CUST-00213,Egypt,CN-FIB-100,1.0,116791.2,0.0848,106887.31,EUR?,2026-01-05 06:00:00,EG,DQ-S08
L0013782,INV-2024-006643,INV,,2024-12-27,REP-054,CUST-00710,UAE,MS-HELP,-1.0,17628.0,0.1281,-15369.85,AED,2026-01-05 06:00:00,AE,DQ-S10
L0026227,INV-2025-012728,INV,,2025-10-28,,CUST-00185,Egypt,CL-BKP,1.0,59472.72,0.0559,56148.19,EGP,2026-01-05 06:00:00,EG,DQ-S04
L0018448,INV-2025-008937,INV,,2025-04-23,,CUST-00519,Saudi Arabia,CN-FIB-100,1.0,9000.0,0.1231,7892.1,SAR,2026-01-05 06:00:00,SA,DQ-S04
L0021605,INV-2025-010503,INV,,2025-06-10,REP-072,CUST-00719,UAE,DV-OLD-01,1.0,44070.0,0.0867,40249.13,AED,2026-01-05 06:00:00,AE,DQ-S06
L0021978,INV-2025-010687,INV,,2025-07-12,REP-003,CUST-00012,Egypt,CN-FIB-100,1.0,118862.4,0.0714,110375.62,EUR?,2026-01-05 06:00:00,EG,DQ-S08
L0012732,INV-2024-006119,INV,,2024-12-14,REP-008,CUST-00066,Egypt,CY-XDR,1.0,229266.72,0.143,196481.58,EGP,2026-01-05 06:00:00,EG,DQ-S06
L0016350,INV-2025-007891,INV,,2025-02-08,REP-057,CUST-00793,UAE,DV-AP,27.0,1652.62,0.181,36544.39,XXX,2026-01-05 06:00:00,AE,DQ-S08
L0001333,INV-2024-000658,INV,,2024-02-06,,CUST-00355,Egypt,CN-SDWAN,1.0,111240.0,0.1242,97423.99,EGP,2026-01-05 06:00:00,EG,DQ-S04
L0030787,CN-2024-00028,CN,INV-2024-001445,2026-06-24,REP-047,CUST-00569,Saudi Arabia,CN-FIB-100,-2.0,9000.0,0.0633,-16860.6,SAR,2026-01-05 06:00:00,SA,DQ-S03
L0014506,INV-2025-006995,INV,,2025-01-09,REP-077,CUST-00072,Egypt,CN-FIB-100,1.0,119228.88,0.0593,112158.61,XXX,2026-01-05 06:00:00,EG,DQ-S08
L0003155,INV-2024-001543,INV,,2024-03-30,REP-063,CUST-00804,UAE,DV-OLD-01,1.0,11017.5,0.2024,8787.56,AED,2026-01-05 06:00:00,AE,DQ-S06
L0023657,INV-2025-011498,INV,,2025-08-15,,CUST-00402,Saudi Arabia,MS-HELP,3.0,18000.0,0.1325,46845.0,SAR,2026-01-05 06:00:00,SA,DQ-S04
L0004155,INV-2024-002042,INV,,2024-04-26,REP-057,CUST-00807,UAE,CY-EDR,-1.0,11017.5,0.1574,-9283.35,AED,2026-01-05 06:00:00,AE,DQ-S10
L0008075,INV-2024-003936,INV,,2024-08-01,REP-014,CUST-00085,Egypt,CL-GPU,1.0,71732.4,0.0344,69264.81,EGP,2026-01-05 06:00:00,EG,DQ-S06
L0019130,INV-2025-009260,INV,,2025-05-24,REP-009,CUST-00020,Egypt,CN-FIB-100,-2.0,119833.2,0.0877,-218647.66,EGP,2026-01-05 06:00:00,EG,DQ-S10
L0007062,INV-2024-003458,INV,,2024-07-24,REP-016,CUST-00259,Egypt,CL-BKP,1.0,58137.24,0.1343,50329.41,,2026-01-05 06:00:00,EG,DQ-S08
L0000536,INV-2024-000260,INV,,2024-01-21,,CUST-00580,Saudi Arabia,DV-AP,11.0,1687.5,0.0264,18072.45,SAR,2026-01-05 06:00:00,SA,DQ-S04
L0008713,INV-2024-004239,INV,,2024-08-06,,CUST-00788,UAE,CY-FW,1.0,22035.0,0.2398,16751.01,AED,2026-01-05 06:00:00,AE,DQ-S04
L0005493,INV-2024-002710,INV,,2024-05-22,REP-068,CUST-00845,Oman,CN-FIB-100,-1.0,922.8,0.078,-850.82,OMR,2026-01-05 06:00:00,OM,DQ-S10
L0001058,INV-2024-000494,INV,,2026-08-25,REP-010,CUST-00112,Egypt,PS-TRN,3.0,46350.0,0.0238,135740.61,EGP,2026-01-05 06:00:00,EG,DQ-S03
L0020328,INV-2025-009869,INV,,2025-05-28,REP-080,CUST-00935,Oman,CL-BKP,2.0,461.4,0.0537,873.25,XXX,2026-01-05 06:00:00,OM,DQ-S08
L0028312,INV-2025-013739,INV,,2025-11-19,,CUST-00621,Saudi Arabia,DV-AP,4.0,1687.5,0.0346,6516.45,SAR,2026-01-05 06:00:00,SA,DQ-S04
L0031299,CN-2025-00316,CN,INV-2025-011857,2025-10-24,REP-011,CUST-00245,Egypt,DV-AP,-3.0,22302.27,0.018,-65702.49,,2026-01-05 06:00:00,EG,DQ-S08
L0015138,INV-2025-007286,INV,,2025-01-11,,CUST-00762,UAE,CN-FIB-100,1.0,8814.0,0.1138,7810.97,AED,2026-01-05 06:00:00,AE,DQ-S04
L0020734,INV-2025-010066,INV,,2025-06-26,REP-017,CUST-00118,Egypt,CL-GPU,1.0,150321.3,0.0757,138941.98,EGP,2026-01-05 06:00:00,EG,DQ-S06
L0015838,INV-2025-007644,INV,,2025-02-24,,CUST-00425,Saudi Arabia,CY-EDR,5.0,11250.0,0.1028,50467.5,SAR,2026-01-05 06:00:00,SA,DQ-S04
L0030962,CN-2024-00127,CN,INV-2024-005159,2024-12-07,REP-034,CUST-00436,Saudi Arabia,CL-GPU,-17.0,6750.0,0.1297,-99866.92,SAR,2026-01-05 06:00:00,SA,DQ-S06
L0015984,INV-2025-007702,INV,,2025-02-24,REP-038,CUST-00507,Saudi Arabia,CY-XDR,1.0,4125.0,0.0378,3969.08,SAR,2026-01-05 06:00:00,SA,DQ-S06
L0002354,INV-2024-001141,INV,,2024-03-27,REP-013,CUST-00267,Egypt ,DV-AP,2.0,21335.98,0.0164,41972.14,XXX,2026-01-05 06:00:00,EG,DQ-S08
L0020015,INV-2025-009712,INV,,2025-05-03,REP-051,CUST-00768,UAE,CY-SOC,-1.0,66105.0,0.1296,-57537.79,AED,2026-01-05 06:00:00,AE,DQ-S10
L0031224,CN-2025-00276,CN,INV-2025-010486,2025-06-23,REP-054,CUST-00742,UAE,CN-FIB-100,-2.0,8814.0,0.0893,-16053.82,,2026-01-05 06:00:00,AE,DQ-S08
L0003982,INV-2024-001964,INV,,2024-04-09,,CUST-00476,Saudi Arabia,CL-PROD,2.0,5625.0,0.0821,10326.38,SAR,2026-01-05 06:00:00,SA,DQ-S04
L0017860,INV-2025-008640,INV,,2025-04-01,,CUST-00306,Egypt,CN-FIB-100,1.0,117919.2,0.0034,117518.27,EGP,2026-01-05 06:00:00,EG,DQ-S04
L0004112,INV-2024-002024,INV,,2024-04-07,,CUST-00756,UAE,PS-TRN,3.0,5508.75,0.0949,14957.91,AED,2026-01-05 06:00:00,AE,DQ-S04
L0028249,INV-2025-013703,INV,,2026-08-12,REP-046,CUST-00552,Saudi Arabia,CN-FIB-100,1.0,9000.0,0.1048,8056.8,SAR,2026-01-05 06:00:00,SA,DQ-S03
L0010252,INV-2024-004958,INV,,2024-10-27,,CUST-00038,Egypt,CL-PROD,1.0,72994.5,0.1098,64979.7,EGP,2026-01-05 06:00:00,EG,DQ-S04
L0007029,INV-2024-003437,INV,,2024-07-06,REP-014,CUST-00160,Egypt,PS-IMPL,-1.0,38758.16,0.0,-38758.16,EGP,2026-01-05 06:00:00,EG,DQ-S10
L0007255,INV-2024-003554,INV,,2024-07-31,REP-024,CUST-00345,Egypt,CL-IAAS-S,3.0,87205.86,0.2283,201890.29,XXX,2026-01-05 06:00:00,EG,DQ-S08
L0029314,INV-2025-014231,INV,,2025-12-22,,CUST-00249,Egypt,PS-IMPL,1.0,40362.96,0.1167,35652.6,EGP,2026-01-05 06:00:00,EG,DQ-S04
L0021498,INV-2025-010461,INV,,2025-06-29,,CUST-00728,UAE,CN-MPLS,1.0,33052.5,0.1511,28058.27,AED,2026-01-05 06:00:00,AE,DQ-S04
L0028940,INV-2025-014034,INV,,2025-12-03,REP-004,CUST-00002,Egypt,CN-FIB-100,3.0,121088.88,0.0773,335186.13,EUR?,2026-01-05 06:00:00,EG,DQ-S08
L0004399,INV-2024-002162,INV,,2024-05-03,REP-005,CUST-00066,Egypt,MS-HELP,1.0,229846.56,0.1931,185463.19,XXX,2026-01-05 06:00:00,EG,DQ-S08
L0011483,INV-2024-005537,INV,,2026-09-20,REP-011,CUST-00167,Egypt,CN-FIB-100,1.0,115951.68,0.0546,109620.72,EGP,2026-01-05 06:00:00,EG,DQ-S03
L0015980,INV-2025-007700,INV,,2025-02-05,REP-038,CUST-00646,Saudi Arabia,CL-BKP,3.0,4500.0,0.0926,12249.9,EUR?,2026-01-05 06:00:00,SA,DQ-S08
L0014685,INV-2025-007080,INV,,2025-01-07,REP-029,CUST-00407,Saudi Arabia,CY-EDR,1.0,11250.0,0.1442,9627.75,EUR?,2026-01-05 06:00:00,SA,DQ-S08
L0017436,INV-2025-008444,INV,,2025-03-11,,CUST-00726,UAE,PS-AUD,1.0,20198.75,0.1492,17185.1,AED,2026-01-05 06:00:00,AE,DQ-S04
L0010786,INV-2024-005220,INV,,2026-10-18,REP-043,CUST-00660,saudi arabia,DV-RTR,3.0,4125.0,0.0842,11333.02,SAR,2026-01-05 06:00:00,SA,DQ-S03
L0012428,INV-2024-005979,INV,,2024-11-20,REP-060,CUST-00799,UAE,CL-BKP,5.0,4407.0,0.1939,17762.41,XXX,2026-01-05 06:00:00,AE,DQ-S08
L0007034,INV-2024-003440,INV,,2024-07-28,REP-014,CUST-00295,Egypt,CL-IAAS-S,1.0,87205.86,0.0344,84205.98,EUR?,2026-01-05 06:00:00,EG,DQ-S08
L0017239,INV-2025-008334,INV,,2025-03-27,,CUST-00471,Saudi Arabia,DV-RTR,8.0,4125.0,0.0016,32947.2,SAR,2026-01-05 06:00:00,SA,DQ-S04
L0030626,INV-2025-014839,INV,,2025-12-16,REP-080,CUST-00932,Oman,CL-GPU,1.0,922.8,0.0642,863.56,OMR,2026-01-05 06:00:00,OM,DQ-S06
L0017055,INV-2025-008253,INV,,2025-03-31,REP-029,CUST-00427,Saudi Arabia,CY-EDR,-1.0,11250.0,0.1525,-9534.38,SAR,2026-01-05 06:00:00,SA,DQ-S10
L0019867,INV-2025-009645,INV,,2026-09-15,REP-045,CUST-00447,Saudi Arabia,DV-AP,1.0,1687.5,0.082,1549.12,SAR,2026-01-05 06:00:00,SA,DQ-S03
L0009011,INV-2024-004372,INV,,2024-09-22,REP-008,CUST-00055,Egypt,DV-RTR,-12.0,53060.59,0.0718,-591010.08,EGP,2026-01-05 06:00:00,EG,DQ-S10
L0028146,INV-2025-013644,INV,,2026-11-24,REP-043,CUST-00514,Saudi Arabia,CL-PROD,3.0,5625.0,0.0767,15580.69,SAR,2026-01-05 06:00:00,SA,DQ-S03
L0020964,INV-2025-010191,INV,,2025-06-23,REP-025,CUST-00360,Egypt,DV-AP,2.0,22548.2,0.1671,37560.79,,2026-01-05 06:00:00,EG,DQ-S08
L0004524,INV-2024-002209,INV,,2024-05-26,REP-011,CUST-00198,Egypt,DV-AP,-2.0,21548.12,0.0135,-42514.44,EGP,2026-01-05 06:00:00,EG,DQ-S10
L0000529,INV-2024-000256,INV,,2024-01-27,REP-041,CUST-00548,Saudi Arabia,DV-SW48,-1.0,8250.0,0.0682,-7687.35,SAR,2026-01-05 06:00:00,SA,DQ-S10
L0014172,INV-2025-006830,INV,,2025-01-27,,CUST-00026,Egypt,CN-FIB-100,1.0,119228.88,0.1217,104718.73,EGP,2026-01-05 06:00:00,EG,DQ-S04
L0027563,INV-2025-013376,INV,,2025-11-19,,CUST-00213,Egypt,CL-BKP,1.0,60172.92,0.0179,59095.82,EGP,2026-01-05 06:00:00,EG,DQ-S04
L0001554,INV-2024-000752,INV,,2024-02-11,REP-037,CUST-00432,Saudi Arabia,DV-OLD-01,1.0,9000.0,0.1125,7987.5,SAR,2026-01-05 06:00:00,SA,DQ-S06
L0023212,INV-2025-011278,INV,,2025-08-08,REP-006,CUST-00005,Egypt,DV-AP,-30.0,22438.48,0.1418,-577701.11,EGP,2026-01-05 06:00:00,EG,DQ-S10
L0000795,INV-2024-000374,INV,,2024-01-21,,CUST-00812,U.A.E,CL-BKP,1.0,4407.0,0.1392,3793.55,AED,2026-01-05 06:00:00,AE,DQ-S04
L0006038,INV-2024-002980,INV,,2024-06-29,REP-029,CUST-00422,Saudi Arabia,DV-AP,-6.0,1687.5,0.1448,-8658.9,SAR,2026-01-05 06:00:00,SA,DQ-S10
L0008564,INV-2024-004187,INV,,2024-08-16,REP-049,CUST-00721,UAE,CN-SDWAN,1.0,13221.0,0.1104,11761.4,XXX,2026-01-05 06:00:00,AE,DQ-S08
L0011643,INV-2024-005628,INV,,2024-11-16,,CUST-00364,Egypt,CN-FIB-100,1.0,115951.68,0.1512,98419.79,EGP,2026-01-05 06:00:00,EG,DQ-S04
L0021031,INV-2025-010220,INV,,2025-06-21,REP-031,CUST-00426,Saudi Arabia,MS-HELP,-1.0,18000.0,0.1073,-16068.6,SAR,2026-01-05 06:00:00,SA,DQ-S10
L0022812,INV-2025-011081,INV,,2025-07-27,REP-072,CUST-00719,UAE,CN-FIB-100,-1.0,8814.0,0.0824,-8087.73,AED,2026-01-05 06:00:00,AE,DQ-S10
L0000942,INV-2024-000449,INV,,2024-02-05,REP-002,CUST-00043,Egypt,CL-PROD,3.0,46350.0,0.1343,120375.58,XXX,2026-01-05 06:00:00,EG,DQ-S08
L0022674,INV-2025-011030,INV,,2025-07-29,REP-047,CUST-00478,Saudi Arabia,CL-IAAS-S,-1.0,6750.0,0.057,-6365.25,SAR,2026-01-05 06:00:00,SA,DQ-S10
L0002163,INV-2024-001057,INV,,2024-03-26,,CUST-00066,Egypt,CL-IAAS-S,5.0,85343.94,0.1023,383066.27,EGP,2026-01-05 06:00:00,EG,DQ-S04
L0019391,INV-2025-009408,INV,,2025-05-13,REP-001,CUST-00128,Egypt,CL-IAAS-S,-1.0,89874.9,0.0421,-86091.17,EGP,2026-01-05 06:00:00,EG,DQ-S10
L0028546,INV-2025-013827,INV,,2025-11-14,REP-061,CUST-00794,UAE,DV-OLD-01,2.0,22035.0,0.214,34639.02,AED,2026-01-05 06:00:00,AE,DQ-S06
L0006088,INV-2024-002999,INV,,2024-06-26,REP-033,CUST-00433,Saudi Arabia,CN-MPLS,2.0,33750.0,0.0605,63416.25,XXX,2026-01-05 06:00:00,SA,DQ-S08
L0000279,INV-2024-000139,INV,,2024-01-30,,CUST-00272,Egypt,DV-RTR,1.0,33990.0,0.0301,32966.9,EGP,2026-01-05 06:00:00,EG,DQ-S04
L0007330,INV-2024-003586,INV,,2024-07-28,,CUST-00426,Saudi Arabia,CY-EDR,2.0,11250.0,0.0856,20574.0,SAR,2026-01-05 06:00:00,SA,DQ-S04
L0001985,INV-2024-000966,INV,,2024-02-26,,CUST-00817,UAE,DV-AP,2.0,1652.62,0.1109,2938.69,AED,2026-01-05 06:00:00,AE,DQ-S04
L0018236,INV-2025-008833,INV,,2025-04-17,REP-029,CUST-00439,Saudi Arabia,CN-FIB-100,1.0,9000.0,0.1477,7670.7,,2026-01-05 06:00:00,SA,DQ-S08
L0016935,INV-2025-008204,INV,,2025-03-30,REP-021,CUST-00346,Egypt,CL-GPU,1.0,234954.72,0.2356,179599.39,EGP,2026-01-05 06:00:00,EG,DQ-S06
L0002748,INV-2024-001335,INV,,2024-03-26,REP-037,CUST-00419,Saudi Arabia,MS-HELP,1.0,18000.0,0.1483,15330.6,EUR?,2026-01-05 06:00:00,SA,DQ-S08
L0016869,INV-2025-008165,INV,,2025-03-30,,CUST-00206,Egypt,CL-BKP,1.0,58738.68,0.0786,54121.82,EGP,2026-01-05 06:00:00,EG,DQ-S04
L0027621,INV-2025-013408,INV,,2025-11-12,REP-019,CUST-00315,Egypt,PS-IMPL,1.0,40115.28,0.0604,37692.32,,2026-01-05 06:00:00,EG,DQ-S08
L0010972,INV-2024-005307,INV,,2024-10-27,REP-053,CUST-00754,UAE,CN-FIB-100,1.0,8814.0,0.0321,8531.07,EUR?,2026-01-05 06:00:00,AE,DQ-S08
L0009491,INV-2024-004606,INV,,2024-09-15,,CUST-00639,Saudi Arabia,MS-HELP,1.0,18000.0,0.0905,16371.0,SAR,2026-01-05 06:00:00,SA,DQ-S04
L0023324,INV-2025-011326,INV,,2025-08-26,REP-011,CUST-00135,Egypt,CN-FIB-100,-1.0,119671.92,0.011,-118355.53,EGP,2026-01-05 06:00:00,EG,DQ-S10
L0000364,INV-2024-000183,INV,,2024-01-19,,CUST-00423,Saudi Arabia,CL-BKP,3.0,4500.0,0.0787,12437.55,SAR,2026-01-05 06:00:00,SA,DQ-S04
L0006818,INV-2024-003345,INV,,2024-07-18,REP-002,CUST-00044,Egypt,CL-BKP,1.0,58137.24,0.1507,49375.96,XXX,2026-01-05 06:00:00,EG,DQ-S08
L0014917,INV-2025-007180,INV,,2025-01-19,REP-043,CUST-00681,Saudi Arabia,DV-SW48,-2.0,8250.0,0.0764,-15239.4,SAR,2026-01-05 06:00:00,SA,DQ-S10
L0030723,INV-2025-014894,INV,,2025-12-29,REP-090,CUST-00939,Oman,DV-AP,-1.0,173.02,0.0612,-162.43,OMR,2026-01-05 06:00:00,OM,DQ-S10
L0020677,INV-2025-010036,INV,,2025-06-12,REP-015,CUST-00112,Egypt,CN-FIB-100,-1.0,120257.04,0.0893,-109518.09,EGP,2026-01-05 06:00:00,EG,DQ-S10
L0024463,INV-2025-011856,INV,,2025-09-21,REP-011,CUST-00324,Egypt,CY-XDR,1.0,150184.8,0.0231,146715.53,EGP,2026-01-05 06:00:00,EG,DQ-S06
L0014767,INV-2025-007106,INV,,2025-01-23,,CUST-00424,Saudi Arabia,CY-EDR,2.0,11250.0,0.0989,20274.75,SAR,2026-01-05 06:00:00,SA,DQ-S04
L0008462,INV-2024-004136,INV,,2024-08-29,REP-042,CUST-00530,Saudi Arabia,CL-GPU,1.0,4500.0,0.0895,4097.25,SAR,2026-01-05 06:00:00,SA,DQ-S06
L0027798,INV-2025-013502,INV,,2025-11-28,REP-027,CUST-00371,Egypt,DV-SW48,2.0,110317.02,0.2004,176418.98,XXX,2026-01-05 06:00:00,EG,DQ-S08
L0008010,INV-2024-003897,INV,,2024-08-27,REP-011,CUST-00102,Egypt ,PS-IMPL,-3.0,38257.28,0.0374,-110479.37,EGP,2026-01-05 06:00:00,EG,DQ-S10
L0027478,INV-2025-013325,INV,,2026-04-24,REP-011,CUST-00155,Egypt,DV-AP,5.0,22564.84,0.0,112824.2,EGP,2026-01-05 06:00:00,EG,DQ-S03
L0028965,INV-2025-014039,INV,,2025-12-30,REP-005,CUST-00039,Egypt,CY-EDR,1.0,151361.1,0.1982,121361.33,,2026-01-05 06:00:00,EG,DQ-S08
L0018414,INV-2025-008914,INV,,2025-04-28,REP-039,CUST-00540,Saudi Arabia,DV-OLD-01,1.0,3000.0,0.071,2787.0,SAR,2026-01-05 06:00:00,SA,DQ-S06
L0009616,INV-2024-004674,INV,,2024-09-09,,CUST-00458,Saudi Arabia,PS-IMPL,1.0,3000.0,0.0612,2816.4,SAR,2026-01-05 06:00:00,SA,DQ-S04
L0005722,INV-2024-002809,INV,,2024-06-04,REP-013,CUST-00291,Egypt,MS-HELP,-1.0,230960.16,0.0096,-228742.94,EGP,2026-01-05 06:00:00,EG,DQ-S10
L0018696,INV-2025-009063,INV,,2025-04-02,REP-055,CUST-00707,UAE,CN-FIB-100,-1.0,2400.0,0.0576,-2261.76,USD,2026-01-05 06:00:00,AE,DQ-S10
L0019630,INV-2025-009524,INV,,2025-05-28,,CUST-00401,Saudi Arabia,CL-PROD,13.0,5625.0,0.0948,66192.75,SAR,2026-01-05 06:00:00,SA,DQ-S04
L0005242,INV-2024-002590,INV,,2024-05-29,REP-053,CUST-00772,UAE,MS-HELP,1.0,17628.0,0.0877,16082.02,,2026-01-05 06:00:00,AE,DQ-S08
L0025564,INV-2025-012378,INV,,2025-09-26,,CUST-00792,UAE,PS-IMPL,10.0,2938.0,0.1957,23630.33,AED,2026-01-05 06:00:00,AE,DQ-S04
L0001404,INV-2024-000695,INV,,2024-02-17,REP-027,CUST-00335,Egypt,CN-FIB-100,-1.0,74160.0,0.2117,-58460.33,EGP,2026-01-05 06:00:00,EG,DQ-S10
L0002987,INV-2024-001463,INV,,2024-03-04,REP-051,CUST-00739,UAE,CN-FIB-100,-1.0,8814.0,0.142,-7562.41,AED,2026-01-05 06:00:00,AE,DQ-S10
L0015205,INV-2025-007316,INV,,2025-01-22,,CUST-00813,UAE,CY-EDR,1.0,11017.5,0.1497,9368.18,AED,2026-01-05 06:00:00,AE,DQ-S04
L0024063,INV-2025-011676,INV,,2025-08-11,,CUST-00719,UAE,CL-PROD,6.0,5508.75,0.1106,29396.89,AED,2026-01-05 06:00:00,AE,DQ-S04
L0005368,INV-2024-002643,INV,,2024-05-11,,CUST-00783,UAE,DV-SW48,3.0,8079.5,0.2236,18818.77,AED,2026-01-05 06:00:00,AE,DQ-S04
L0004551,INV-2024-002226,INV,,2024-05-28,,CUST-00112,Egypt,CL-BKP,1.0,57461.64,0.0914,52209.65,EGP,2026-01-05 06:00:00,EG,DQ-S04
L0030151,INV-2025-014623,INV,,2025-12-10,,CUST-00770,UAE,MS-HELP,1.0,17628.0,0.1033,15807.03,AED,2026-01-05 06:00:00,AE,DQ-S04
L0022872,INV-2025-011103,INV,,2025-07-11,,CUST-00731,UAE,CY-EDR,1.0,11017.5,0.0988,9928.97,AED,2026-01-05 06:00:00,AE,DQ-S04
L0030801,CN-2024-00037,CN,INV-2024-001799,2024-09-04,REP-025,CUST-00337,Egypt,PS-IMPL,-6.0,38589.52,0.1634,-193703.95,EUR?,2026-01-05 06:00:00,EG,DQ-S08
L0016951,INV-2025-008210,INV,,2025-03-17,,CUST-00344,Egypt,MS-HELP,1.0,234954.72,0.1555,198419.26,EGP,2026-01-05 06:00:00,EG,DQ-S04
L0016635,INV-2025-008032,INV,,2025-03-28,REP-005,CUST-00044,Egypt,CL-BKP,-7.0,58738.68,0.1843,-335391.99,EGP,2026-01-05 06:00:00,EG,DQ-S10
L0009814,INV-2024-004761,INV,,2024-09-26,REP-058,CUST-00813,UAE,CL-IAAS-S,1.0,6610.5,0.1964,5312.2,,2026-01-05 06:00:00,AE,DQ-S08
L0011953,INV-2024-005757,INV,,2024-11-26,,CUST-00581,Saudi Arabia,CL-BKP,1.0,4500.0,0.0619,4221.45,SAR,2026-01-05 06:00:00,SA,DQ-S04
L0029643,INV-2025-014383,INV,,2025-12-02,,CUST-00426,Saudi Arabia,PS-IMPL,6.0,800.0,0.0948,4344.96,USD,2026-01-05 06:00:00,SA,DQ-S04
L0027742,INV-2025-013476,INV,,2025-11-20,REP-024,CUST-00375,Egypt,DV-OLD-01,1.0,22564.84,0.2212,17573.5,EGP,2026-01-05 06:00:00,EG,DQ-S06
L0004699,INV-2024-002319,INV,,2024-05-31,,CUST-00328,Egypt,CN-FIB-100,1.0,114923.28,0.0584,108211.76,EGP,2026-01-05 06:00:00,EG,DQ-S04
L0002383,INV-2024-001158,INV,,2024-03-26,,CUST-00328,Egypt,DV-RTR,2.0,52154.63,0.0753,96454.77,EGP,2026-01-05 06:00:00,EG,DQ-S04
L0007405,INV-2024-003614,INV,,2024-07-23,,CUST-00395,Saudi Arabia,PS-IMPL,2.0,3000.0,0.1084,5349.6,SAR,2026-01-05 06:00:00,SA,DQ-S04
L0027095,INV-2025-013128,INV,,2025-10-22,,CUST-00776,UAE,CN-FIB-100,1.0,8814.0,0.2,7051.2,AED,2026-01-05 06:00:00,AE,DQ-S04
L0005333,INV-2024-002627,INV,,2024-05-22,,CUST-00782,UAE,CY-EDR,1.0,11017.5,0.2096,8708.23,AED,2026-01-05 06:00:00,AE,DQ-S04
L0000465,INV-2024-000221,INV,,2024-01-26,REP-036,CUST-00381,Saudi Arabia,CL-GPU,3.0,9000.0,0.1676,22474.8,SAR,2026-01-05 06:00:00,SA,DQ-S06
L0012785,INV-2024-006140,INV,,2024-12-29,,CUST-00021,Egypt,CL-PROD,4.0,71645.85,0.1012,257581.16,EGP,2026-01-05 06:00:00,EG,DQ-S04
L0024646,INV-2025-011963,INV,,2025-09-24,,CUST-00109,Egypt,CL-BKP,1.0,60073.92,0.0701,55862.74,EGP,2026-01-05 06:00:00,EG,DQ-S04
L0015657,INV-2025-007557,INV,,2025-02-18,,CUST-00227,Egypt,CN-FIB-100,1.0,117870.48,0.0195,115572.01,EGP,2026-01-05 06:00:00,EG,DQ-S04
L0020191,INV-2025-009794,INV,,2025-05-16,REP-071,CUST-00784,UAE,DV-OLD-01,1.0,6610.5,0.1798,5421.93,AED,2026-01-05 06:00:00,AE,DQ-S06
L0018397,INV-2025-008904,INV,,2025-04-16,REP-039,CUST-00698,Saudi Arabia,CN-FIB-100,-2.0,9000.0,0.0828,-16509.6,SAR,2026-01-05 06:00:00,SA,DQ-S10
L0016193,INV-2025-007830,INV,,2025-02-04,,CUST-00569,Saudi Arabia,CL-PROD,1.0,5625.0,0.0373,5415.19,SAR,2026-01-05 06:00:00,SA,DQ-S04
L0028486,INV-2025-013801,INV,,2025-11-28,REP-091,CUST-00741,UAE,CY-XDR,20.0,2938.0,0.1305,51091.82,AED,2026-01-05 06:00:00,AE,DQ-S06
L0008368,INV-2024-004088,INV,,2024-08-28,,CUST-00386,Saudi Arabia,CL-BKP,6.0,4500.0,0.0955,24421.5,SAR,2026-01-05 06:00:00,SA,DQ-S04
L0028350,INV-2025-013756,INV,,2025-11-20,,CUST-00739,UAE,CN-FIB-100,1.0,8814.0,0.1099,7845.34,AED,2026-01-05 06:00:00,AE,DQ-S04
L0017512,INV-2025-008471,INV,,2025-03-04,REP-056,CUST-00728,UAE,DV-AP,-32.0,1652.62,0.1135,-46881.52,AED,2026-01-05 06:00:00,AE,DQ-S10
L0007886,INV-2024-003839,INV,,2024-07-06,REP-068,CUST-00970,Oman,CN-FIB-100,2.0,922.8,0.1013,1658.64,,2026-01-05 06:00:00,OM,DQ-S08
L0022633,INV-2025-011008,INV,,2025-07-21,,CUST-00489,Saudi Arabia,CL-BKP,1.0,4500.0,0.0001,4499.55,SAR,2026-01-05 06:00:00,SA,DQ-S04
L0018209,INV-2025-008824,INV,,2025-04-28,,CUST-00404,Saudi Arabia,DV-RTR,8.0,4125.0,0.1095,29386.5,SAR,2026-01-05 06:00:00,SA,DQ-S04
L0009509,INV-2024-004617,INV,,2024-09-24,REP-038,CUST-00508,Saudi Arabia,CY-EDR,1.0,11250.0,0.0719,10441.12,XXX,2026-01-05 06:00:00,SA,DQ-S08
L0011464,INV-2024-005526,INV,,2026-09-11,REP-011,CUST-00219,Egypt,CL-BKP,1.0,57975.84,0.0251,56520.65,EGP,2026-01-05 06:00:00,EG,DQ-S03
L0006376,INV-2024-003151,INV,,2024-06-30,,CUST-00745,UAE,CN-SDWAN,2.0,13221.0,0.1569,22293.25,AED,2026-01-05 06:00:00,AE,DQ-S04
L0023655,INV-2025-011497,INV,,2025-08-19,,CUST-00427,Saudi Arabia,MS-HELP,1.0,18000.0,0.0629,16867.8,SAR,2026-01-05 06:00:00,SA,DQ-S04
L0004639,INV-2024-002278,INV,,2024-05-24,REP-015,CUST-00242,Egypt,DV-SW48,5.0,105346.34,0.1083,469686.66,XXX,2026-01-05 06:00:00,EG,DQ-S08
L0017744,INV-2025-008585,INV,,2025-04-18,REP-006,CUST-00051,Egypt,MS-HELP,2.0,235838.4,0.1336,408660.78,EUR?,2026-01-05 06:00:00,EG,DQ-S08
L0003552,INV-2024-001753,INV,,2024-04-29,REP-020,CUST-00130,Egypt,CL-BKP,-2.0,57528.48,0.0711,-106876.41,EGP,2026-01-05 06:00:00,EG,DQ-S10
L0022270,INV-2025-010823,INV,,2025-07-23,,CUST-00159,Egypt,CN-FIB-100,1.0,118862.4,0.0668,110922.39,EGP,2026-01-05 06:00:00,EG,DQ-S04
L0029657,INV-2025-014388,INV,,2025-12-28,,CUST-00418,Saudi Arabia,CN-FIB-100,1.0,9000.0,0.0637,8426.7,SAR,2026-01-05 06:00:00,SA,DQ-S04
L0000824,INV-2024-000392,INV,,2024-01-26,REP-063,CUST-00794,UAE,CL-BKP,-1.0,4407.0,0.1829,-3600.96,AED,2026-01-05 06:00:00,AE,DQ-S10
L0003695,INV-2024-001820,INV,,2024-04-18,,CUST-00441,Saudi Arabia,DV-AP,1.0,1687.5,0.158,1420.88,SAR,2026-01-05 06:00:00,SA,DQ-S04
L0029772,INV-2025-014426,INV,,2025-12-25,REP-085,CUST-00416,Saudi Arabia,MS-HELP,-1.0,18000.0,0.0995,-16209.0,SAR,2026-01-05 06:00:00,SA,DQ-S10
L0016146,INV-2025-007801,INV,,2025-02-24,,CUST-00651,Saudi Arabia,CN-FIB-100,1.0,9000.0,0.0691,8378.1,SAR,2026-01-05 06:00:00,SA,DQ-S04
L0001566,INV-2024-000760,INV,,2024-02-26,REP-038,CUST-00660,Saudi Arabia,CL-IAAS-S,-1.0,6750.0,0.0881,-6155.33,SAR,2026-01-05 06:00:00,SA,DQ-S10
L0003187,INV-2024-001558,INV,,2024-03-11,REP-066,CUST-00954,Oman,DV-AP,7.0,173.02,0.0797,1114.61,EUR?,2026-01-05 06:00:00,OM,DQ-S08
L0022925,INV-2025-011128,INV,,2025-07-29,,CUST-00781,UAE,DV-RTR,2.0,4039.75,0.219,6310.09,AED,2026-01-05 06:00:00,AE,DQ-S04
L0031221,CN-2025-00274,CN,INV-2025-010418,2025-10-16,REP-046,CUST-00570,Saudi Arabia,DV-OLD-01,-3.0,5625.0,0.0711,-15675.19,SAR,2026-01-05 06:00:00,SA,DQ-S06
L0009492,INV-2024-004607,INV,,2024-09-18,,CUST-00457,Saudi Arabia,CL-PROD,3.0,5625.0,0.0794,15535.12,SAR,2026-01-05 06:00:00,SA,DQ-S04
L0014144,INV-2024-006815,INV,,2024-12-06,REP-074,CUST-00969,Oman,CL-IAAS-S,1.0,692.1,0.0591,651.2,EUR?,2026-01-05 06:00:00,OM,DQ-S08
L0028129,INV-2025-013634,INV,,2025-11-25,REP-040,CUST-00569,Saudi Arabia,CL-GPU,1.0,13500.0,0.0,13500.0,SAR,2026-01-05 06:00:00,SA,DQ-S06
L0021700,INV-2025-010540,INV,,2025-06-09,REP-060,CUST-00803,United Arab Emirates,CL-IAAS-S,-1.0,6610.5,0.2586,-4901.02,AED,2026-01-05 06:00:00,AE,DQ-S10
L0008596,INV-2024-004197,INV,,2024-08-26,REP-051,CUST-00755,UAE,DV-RTR,4.0,4039.75,0.1728,13366.72,XXX,2026-01-05 06:00:00,AE,DQ-S08
L0014233,INV-2025-006849,INV,,2025-01-23,REP-005,CUST-00057,Egypt,CN-FIB-100,1.0,119228.88,0.1393,102620.3,EUR?,2026-01-05 06:00:00,EG,DQ-S08
L0011265,INV-2024-005440,INV,,2024-10-07,REP-068,CUST-00929,Oman,CY-XDR,1.0,922.8,0.1187,813.26,OMR,2026-01-05 06:00:00,OM,DQ-S06
L0029108,INV-2025-014113,INV,,2026-04-01,REP-013,CUST-00258,Egypt,CL-BKP,1.0,60544.44,0.0275,58879.47,EGP,2026-01-05 06:00:00,EG,DQ-S03
L0013659,INV-2024-006597,INV,,2024-12-17,,CUST-00772,UAE,CY-FW,2.0,22035.0,0.1725,36467.93,AED,2026-01-05 06:00:00,AE,DQ-S04
L0014515,INV-2025-006999,INV,,2025-01-30,REP-001,CUST-00207,Egypt,DV-AP,2.0,22355.42,0.0437,42756.98,,2026-01-05 06:00:00,EG,DQ-S08
L0025196,INV-2025-012205,INV,,2025-09-15,REP-043,CUST-00696,Saudi Arabia,CL-GPU,1.0,11250.0,0.0702,10460.25,SAR,2026-01-05 06:00:00,SA,DQ-S06
L0023424,INV-2025-011385,INV,,2026-05-13,REP-018,CUST-00082,Egypt,MS-HELP,1.0,239343.84,0.1409,205620.29,EGP,2026-01-05 06:00:00,EG,DQ-S03
L0000110,INV-2024-000040,INV,,2024-01-27,REP-010,CUST-00278,Egypt,CL-BKP,1.0,37080.0,0.0156,36501.55,XXX,2026-01-05 06:00:00,EG,DQ-S08
L0000715,INV-2024-000339,INV,,2024-01-29,REP-053,CUST-00719,UAE,CL-PROD,40.0,5508.75,0.1014,198006.51,XXX,2026-01-05 06:00:00,AE,DQ-S08
L0001969,INV-2024-000959,INV,,2024-02-28,REP-062,CUST-00812,UAE,DV-RTR,11.0,4039.75,0.1298,38669.29,,2026-01-05 06:00:00,AE,DQ-S08
L0029389,INV-2025-014274,INV,,2025-12-29,REP-023,CUST-00344,Egypt,CL-IAAS-S,3.0,90816.66,0.1756,224607.76,,2026-01-05 06:00:00,EG,DQ-S08
L0009724,INV-2024-004727,INV,,2024-09-30,,CUST-00759,UAE,CN-FIB-100,1.0,8814.0,0.154,7456.64,AED,2026-01-05 06:00:00,AE,DQ-S04
L0020232,INV-2025-009815,INV,,2025-05-12,REP-089,CUST-00808,UAE,CY-XDR,2.0,17628.0,0.18,28909.92,AED,2026-01-05 06:00:00,AE,DQ-S06
L0030921,CN-2024-00106,CN,INV-2024-004449,2024-10-06,REP-016,CUST-00167,Egypt,MS-HELP,-1.0,233582.4,0.1442,-199899.82,EGP,2026-01-05 06:00:00,EG,DQ-S17
L0030757,CN-2024-00012,CN,INV-2024-000392,2024-04-03,REP-063,CUST-00794,UAE,CN-SDWAN,-2.0,13221.0,0.1679,-22002.39,AED,2026-01-05 06:00:00,AE,DQ-S18
L0030938,CN-2024-00113,CN,INV-2024-004727,2024-11-01,REP-049,CUST-00759,UAE,CN-FIB-100,-1.0,8814.0,0.154,-7456.64,AED,2026-01-05 06:00:00,AE,DQ-S18
L0030937,CN-2024-00113,CN,INV-2024-004727,2024-11-01,REP-049,CUST-00759,UAE,MS-HELP,-1.0,17628.0,0.1009,-15849.33,AED,2026-01-05 06:00:00,AE,DQ-S18
L0030758,CN-2024-00012,CN,INV-2024-000392,2024-04-03,REP-063,CUST-00794,UAE,CL-BKP,-1.0,4407.0,0.1829,-3600.96,AED,2026-01-05 06:00:00,AE,DQ-S18
L0030934,CN-2024-00113,CN,INV-2024-004727,2024-11-01,REP-049,CUST-00759,UAE,CL-PROD,-12.0,5508.75,0.1549,-55865.34,AED,2026-01-05 06:00:00,AE,DQ-S18
L0030935,CN-2024-00113,CN,INV-2024-004727,2024-11-01,REP-049,CUST-00759,UAE,CN-FIB-100,-1.0,8814.0,0.1307,-7662.01,AED,2026-01-05 06:00:00,AE,DQ-S18
L0030936,CN-2024-00113,CN,INV-2024-004727,2024-11-01,REP-049,CUST-00759,UAE,MS-COLO,-2.0,35256.0,0.1089,-62833.24,AED,2026-01-05 06:00:00,AE,DQ-S18
